invoice_id,profile,document
FX-731632,Factur-X / ZUGFeRD,"<rsm:CrossIndustryInvoice xmlns:rsm=""urn:un:unece:uncefact:data:standard:CrossIndustryInvoice:100""><rsm:ExchangedDocument><ram:ID>FX-731632</ram:ID><ram:TypeCode>380</ram:TypeCode><ram:IssueDateTime><udt:DateTimeString format=""102"">20260101</udt:DateTimeString></ram:IssueDateTime></rsm:ExchangedDocument><rsm:SupplyChainTradeTransaction><ram:ApplicableHeaderTradeSettlement><ram:InvoiceCurrencyCode>EUR</ram:InvoiceCurrencyCode><ram:SpecifiedTradeSettlementHeaderMonetarySummation><ram:GrandTotalAmount>100.00</ram:GrandTotalAmount></ram:SpecifiedTradeSettlementHeaderMonetarySummation></ram:ApplicableHeaderTradeSettlement></rsm:SupplyChainTradeTransaction></rsm:CrossIndustryInvoice>"
FX-203596,Factur-X / ZUGFeRD,"<rsm:CrossIndustryInvoice xmlns:rsm=""urn:un:unece:uncefact:data:standard:CrossIndustryInvoice:100""><rsm:ExchangedDocument><ram:ID>FX-203596</ram:ID><ram:TypeCode>380</ram:TypeCode><ram:IssueDateTime><udt:DateTimeString format=""102"">20260101</udt:DateTimeString></ram:IssueDateTime></rsm:ExchangedDocument><rsm:SupplyChainTradeTransaction><ram:ApplicableHeaderTradeSettlement><ram:InvoiceCurrencyCode>EUR</ram:InvoiceCurrencyCode><ram:SpecifiedTradeSettlementHeaderMonetarySummation><ram:GrandTotalAmount>100.00</ram:GrandTotalAmount></ram:SpecifiedTradeSettlementHeaderMonetarySummation></ram:ApplicableHeaderTradeSettlement></rsm:SupplyChainTradeTransaction></rsm:CrossIndustryInvoice>"
FX-082738,Factur-X / ZUGFeRD,"<rsm:CrossIndustryInvoice xmlns:rsm=""urn:un:unece:uncefact:data:standard:CrossIndustryInvoice:100""><rsm:ExchangedDocument><ram:ID>FX-082738</ram:ID><ram:TypeCode>380</ram:TypeCode><ram:IssueDateTime><udt:DateTimeString format=""102"">20260101</udt:DateTimeString></ram:IssueDateTime></rsm:ExchangedDocument><rsm:SupplyChainTradeTransaction><ram:ApplicableHeaderTradeSettlement><ram:InvoiceCurrencyCode>EUR</ram:InvoiceCurrencyCode><ram:SpecifiedTradeSettlementHeaderMonetarySummation><ram:GrandTotalAmount>100.00</ram:GrandTotalAmount></ram:SpecifiedTradeSettlementHeaderMonetarySummation></ram:ApplicableHeaderTradeSettlement></rsm:SupplyChainTradeTransaction></rsm:CrossIndustryInvoice>"
FX-924645,Factur-X / ZUGFeRD,"<rsm:CrossIndustryInvoice xmlns:rsm=""urn:un:unece:uncefact:data:standard:CrossIndustryInvoice:100""><rsm:ExchangedDocument><ram:ID>FX-924645</ram:ID><ram:TypeCode>380</ram:TypeCode><ram:IssueDateTime><udt:DateTimeString format=""102"">20260101</udt:DateTimeString></ram:IssueDateTime></rsm:ExchangedDocument><rsm:SupplyChainTradeTransaction><ram:ApplicableHeaderTradeSettlement><ram:InvoiceCurrencyCode>EUR</ram:InvoiceCurrencyCode><ram:SpecifiedTradeSettlementHeaderMonetarySummation><ram:GrandTotalAmount>100.00</ram:GrandTotalAmount></ram:SpecifiedTradeSettlementHeaderMonetarySummation></ram:ApplicableHeaderTradeSettlement></rsm:SupplyChainTradeTransaction></rsm:CrossIndustryInvoice>"
FX-919842,Factur-X / ZUGFeRD,"<rsm:CrossIndustryInvoice xmlns:rsm=""urn:un:unece:uncefact:data:standard:CrossIndustryInvoice:100""><rsm:ExchangedDocument><ram:ID>FX-919842</ram:ID><ram:TypeCode>380</ram:TypeCode><ram:IssueDateTime><udt:DateTimeString format=""102"">20260101</udt:DateTimeString></ram:IssueDateTime></rsm:ExchangedDocument><rsm:SupplyChainTradeTransaction><ram:ApplicableHeaderTradeSettlement><ram:InvoiceCurrencyCode>EUR</ram:InvoiceCurrencyCode><ram:SpecifiedTradeSettlementHeaderMonetarySummation><ram:GrandTotalAmount>100.00</ram:GrandTotalAmount></ram:SpecifiedTradeSettlementHeaderMonetarySummation></ram:ApplicableHeaderTradeSettlement></rsm:SupplyChainTradeTransaction></rsm:CrossIndustryInvoice>"
FX-796308,Factur-X / ZUGFeRD,"<rsm:CrossIndustryInvoice xmlns:rsm=""urn:un:unece:uncefact:data:standard:CrossIndustryInvoice:100""><rsm:ExchangedDocument><ram:ID>FX-796308</ram:ID><ram:TypeCode>380</ram:TypeCode><ram:IssueDateTime><udt:DateTimeString format=""102"">20260101</udt:DateTimeString></ram:IssueDateTime></rsm:ExchangedDocument><rsm:SupplyChainTradeTransaction><ram:ApplicableHeaderTradeSettlement><ram:InvoiceCurrencyCode>EUR</ram:InvoiceCurrencyCode><ram:SpecifiedTradeSettlementHeaderMonetarySummation><ram:GrandTotalAmount>100.00</ram:GrandTotalAmount></ram:SpecifiedTradeSettlementHeaderMonetarySummation></ram:ApplicableHeaderTradeSettlement></rsm:SupplyChainTradeTransaction></rsm:CrossIndustryInvoice>"
FX-440587,Factur-X / ZUGFeRD,"<rsm:CrossIndustryInvoice xmlns:rsm=""urn:un:unece:uncefact:data:standard:CrossIndustryInvoice:100""><rsm:ExchangedDocument><ram:ID>FX-440587</ram:ID><ram:TypeCode>380</ram:TypeCode><ram:IssueDateTime><udt:DateTimeString format=""102"">20260101</udt:DateTimeString></ram:IssueDateTime></rsm:ExchangedDocument><rsm:SupplyChainTradeTransaction><ram:ApplicableHeaderTradeSettlement><ram:InvoiceCurrencyCode>EUR</ram:InvoiceCurrencyCode><ram:SpecifiedTradeSettlementHeaderMonetarySummation><ram:GrandTotalAmount>100.00</ram:GrandTotalAmount></ram:SpecifiedTradeSettlementHeaderMonetarySummation></ram:ApplicableHeaderTradeSettlement></rsm:SupplyChainTradeTransaction></rsm:CrossIndustryInvoice>"
FX-300720,Factur-X / ZUGFeRD,"<rsm:CrossIndustryInvoice xmlns:rsm=""urn:un:unece:uncefact:data:standard:CrossIndustryInvoice:100""><rsm:ExchangedDocument><ram:ID>FX-300720</ram:ID><ram:TypeCode>380</ram:TypeCode><ram:IssueDateTime><udt:DateTimeString format=""102"">20260101</udt:DateTimeString></ram:IssueDateTime></rsm:ExchangedDocument><rsm:SupplyChainTradeTransaction><ram:ApplicableHeaderTradeSettlement><ram:InvoiceCurrencyCode>EUR</ram:InvoiceCurrencyCode><ram:SpecifiedTradeSettlementHeaderMonetarySummation><ram:GrandTotalAmount>100.00</ram:GrandTotalAmount></ram:SpecifiedTradeSettlementHeaderMonetarySummation></ram:ApplicableHeaderTradeSettlement></rsm:SupplyChainTradeTransaction></rsm:CrossIndustryInvoice>"
FX-920386,Factur-X / ZUGFeRD,"<rsm:CrossIndustryInvoice xmlns:rsm=""urn:un:unece:uncefact:data:standard:CrossIndustryInvoice:100""><rsm:ExchangedDocument><ram:ID>FX-920386</ram:ID><ram:TypeCode>380</ram:TypeCode><ram:IssueDateTime><udt:DateTimeString format=""102"">20260101</udt:DateTimeString></ram:IssueDateTime></rsm:ExchangedDocument><rsm:SupplyChainTradeTransaction><ram:ApplicableHeaderTradeSettlement><ram:InvoiceCurrencyCode>EUR</ram:InvoiceCurrencyCode><ram:SpecifiedTradeSettlementHeaderMonetarySummation><ram:GrandTotalAmount>100.00</ram:GrandTotalAmount></ram:SpecifiedTradeSettlementHeaderMonetarySummation></ram:ApplicableHeaderTradeSettlement></rsm:SupplyChainTradeTransaction></rsm:CrossIndustryInvoice>"
FX-560992,Factur-X / ZUGFeRD,"<rsm:CrossIndustryInvoice xmlns:rsm=""urn:un:unece:uncefact:data:standard:CrossIndustryInvoice:100""><rsm:ExchangedDocument><ram:ID>FX-560992</ram:ID><ram:TypeCode>380</ram:TypeCode><ram:IssueDateTime><udt:DateTimeString format=""102"">20260101</udt:DateTimeString></ram:IssueDateTime></rsm:ExchangedDocument><rsm:SupplyChainTradeTransaction><ram:ApplicableHeaderTradeSettlement><ram:InvoiceCurrencyCode>EUR</ram:InvoiceCurrencyCode><ram:SpecifiedTradeSettlementHeaderMonetarySummation><ram:GrandTotalAmount>100.00</ram:GrandTotalAmount></ram:SpecifiedTradeSettlementHeaderMonetarySummation></ram:ApplicableHeaderTradeSettlement></rsm:SupplyChainTradeTransaction></rsm:CrossIndustryInvoice>"
FX-865397,Factur-X / ZUGFeRD,"<rsm:CrossIndustryInvoice xmlns:rsm=""urn:un:unece:uncefact:data:standard:CrossIndustryInvoice:100""><rsm:ExchangedDocument><ram:ID>FX-865397</ram:ID><ram:TypeCode>380</ram:TypeCode><ram:IssueDateTime><udt:DateTimeString format=""102"">20260101</udt:DateTimeString></ram:IssueDateTime></rsm:ExchangedDocument><rsm:SupplyChainTradeTransaction><ram:ApplicableHeaderTradeSettlement><ram:InvoiceCurrencyCode>EUR</ram:InvoiceCurrencyCode><ram:SpecifiedTradeSettlementHeaderMonetarySummation><ram:GrandTotalAmount>100.00</ram:GrandTotalAmount></ram:SpecifiedTradeSettlementHeaderMonetarySummation></ram:ApplicableHeaderTradeSettlement></rsm:SupplyChainTradeTransaction></rsm:CrossIndustryInvoice>"
FX-869496,Factur-X / ZUGFeRD,"<rsm:CrossIndustryInvoice xmlns:rsm=""urn:un:unece:uncefact:data:standard:CrossIndustryInvoice:100""><rsm:ExchangedDocument><ram:ID>FX-869496</ram:ID><ram:TypeCode>380</ram:TypeCode><ram:IssueDateTime><udt:DateTimeString format=""102"">20260101</udt:DateTimeString></ram:IssueDateTime></rsm:ExchangedDocument><rsm:SupplyChainTradeTransaction><ram:ApplicableHeaderTradeSettlement><ram:InvoiceCurrencyCode>EUR</ram:InvoiceCurrencyCode><ram:SpecifiedTradeSettlementHeaderMonetarySummation><ram:GrandTotalAmount>100.00</ram:GrandTotalAmount></ram:SpecifiedTradeSettlementHeaderMonetarySummation></ram:ApplicableHeaderTradeSettlement></rsm:SupplyChainTradeTransaction></rsm:CrossIndustryInvoice>"
FX-750316,Factur-X / ZUGFeRD,"<rsm:CrossIndustryInvoice xmlns:rsm=""urn:un:unece:uncefact:data:standard:CrossIndustryInvoice:100""><rsm:ExchangedDocument><ram:ID>FX-750316</ram:ID><ram:TypeCode>380</ram:TypeCode><ram:IssueDateTime><udt:DateTimeString format=""102"">20260101</udt:DateTimeString></ram:IssueDateTime></rsm:ExchangedDocument><rsm:SupplyChainTradeTransaction><ram:ApplicableHeaderTradeSettlement><ram:InvoiceCurrencyCode>EUR</ram:InvoiceCurrencyCode><ram:SpecifiedTradeSettlementHeaderMonetarySummation><ram:GrandTotalAmount>100.00</ram:GrandTotalAmount></ram:SpecifiedTradeSettlementHeaderMonetarySummation></ram:ApplicableHeaderTradeSettlement></rsm:SupplyChainTradeTransaction></rsm:CrossIndustryInvoice>"
FX-854018,Factur-X / ZUGFeRD,"<rsm:CrossIndustryInvoice xmlns:rsm=""urn:un:unece:uncefact:data:standard:CrossIndustryInvoice:100""><rsm:ExchangedDocument><ram:ID>FX-854018</ram:ID><ram:TypeCode>380</ram:TypeCode><ram:IssueDateTime><udt:DateTimeString format=""102"">20260101</udt:DateTimeString></ram:IssueDateTime></rsm:ExchangedDocument><rsm:SupplyChainTradeTransaction><ram:ApplicableHeaderTradeSettlement><ram:InvoiceCurrencyCode>EUR</ram:InvoiceCurrencyCode><ram:SpecifiedTradeSettlementHeaderMonetarySummation><ram:GrandTotalAmount>100.00</ram:GrandTotalAmount></ram:SpecifiedTradeSettlementHeaderMonetarySummation></ram:ApplicableHeaderTradeSettlement></rsm:SupplyChainTradeTransaction></rsm:CrossIndustryInvoice>"
FX-655606,Factur-X / ZUGFeRD,"<rsm:CrossIndustryInvoice xmlns:rsm=""urn:un:unece:uncefact:data:standard:CrossIndustryInvoice:100""><rsm:ExchangedDocument><ram:ID>FX-655606</ram:ID><ram:TypeCode>380</ram:TypeCode><ram:IssueDateTime><udt:DateTimeString format=""102"">20260101</udt:DateTimeString></ram:IssueDateTime></rsm:ExchangedDocument><rsm:SupplyChainTradeTransaction><ram:ApplicableHeaderTradeSettlement><ram:InvoiceCurrencyCode>EUR</ram:InvoiceCurrencyCode><ram:SpecifiedTradeSettlementHeaderMonetarySummation><ram:GrandTotalAmount>100.00</ram:GrandTotalAmount></ram:SpecifiedTradeSettlementHeaderMonetarySummation></ram:ApplicableHeaderTradeSettlement></rsm:SupplyChainTradeTransaction></rsm:CrossIndustryInvoice>"
FX-036114,Factur-X / ZUGFeRD,"<rsm:CrossIndustryInvoice xmlns:rsm=""urn:un:unece:uncefact:data:standard:CrossIndustryInvoice:100""><rsm:ExchangedDocument><ram:ID>FX-036114</ram:ID><ram:TypeCode>380</ram:TypeCode><ram:IssueDateTime><udt:DateTimeString format=""102"">20260101</udt:DateTimeString></ram:IssueDateTime></rsm:ExchangedDocument><rsm:SupplyChainTradeTransaction><ram:ApplicableHeaderTradeSettlement><ram:InvoiceCurrencyCode>EUR</ram:InvoiceCurrencyCode><ram:SpecifiedTradeSettlementHeaderMonetarySummation><ram:GrandTotalAmount>100.00</ram:GrandTotalAmount></ram:SpecifiedTradeSettlementHeaderMonetarySummation></ram:ApplicableHeaderTradeSettlement></rsm:SupplyChainTradeTransaction></rsm:CrossIndustryInvoice>"
FX-337021,Factur-X / ZUGFeRD,"<rsm:CrossIndustryInvoice xmlns:rsm=""urn:un:unece:uncefact:data:standard:CrossIndustryInvoice:100""><rsm:ExchangedDocument><ram:ID>FX-337021</ram:ID><ram:TypeCode>380</ram:TypeCode><ram:IssueDateTime><udt:DateTimeString format=""102"">20260101</udt:DateTimeString></ram:IssueDateTime></rsm:ExchangedDocument><rsm:SupplyChainTradeTransaction><ram:ApplicableHeaderTradeSettlement><ram:InvoiceCurrencyCode>EUR</ram:InvoiceCurrencyCode><ram:SpecifiedTradeSettlementHeaderMonetarySummation><ram:GrandTotalAmount>100.00</ram:GrandTotalAmount></ram:SpecifiedTradeSettlementHeaderMonetarySummation></ram:ApplicableHeaderTradeSettlement></rsm:SupplyChainTradeTransaction></rsm:CrossIndustryInvoice>"
FX-489084,Factur-X / ZUGFeRD,"<rsm:CrossIndustryInvoice xmlns:rsm=""urn:un:unece:uncefact:data:standard:CrossIndustryInvoice:100""><rsm:ExchangedDocument><ram:ID>FX-489084</ram:ID><ram:TypeCode>380</ram:TypeCode><ram:IssueDateTime><udt:DateTimeString format=""102"">20260101</udt:DateTimeString></ram:IssueDateTime></rsm:ExchangedDocument><rsm:SupplyChainTradeTransaction><ram:ApplicableHeaderTradeSettlement><ram:InvoiceCurrencyCode>EUR</ram:InvoiceCurrencyCode><ram:SpecifiedTradeSettlementHeaderMonetarySummation><ram:GrandTotalAmount>100.00</ram:GrandTotalAmount></ram:SpecifiedTradeSettlementHeaderMonetarySummation></ram:ApplicableHeaderTradeSettlement></rsm:SupplyChainTradeTransaction></rsm:CrossIndustryInvoice>"
FX-099259,Factur-X / ZUGFeRD,"<rsm:CrossIndustryInvoice xmlns:rsm=""urn:un:unece:uncefact:data:standard:CrossIndustryInvoice:100""><rsm:ExchangedDocument><ram:ID>FX-099259</ram:ID><ram:TypeCode>380</ram:TypeCode><ram:IssueDateTime><udt:DateTimeString format=""102"">20260101</udt:DateTimeString></ram:IssueDateTime></rsm:ExchangedDocument><rsm:SupplyChainTradeTransaction><ram:ApplicableHeaderTradeSettlement><ram:InvoiceCurrencyCode>EUR</ram:InvoiceCurrencyCode><ram:SpecifiedTradeSettlementHeaderMonetarySummation><ram:GrandTotalAmount>100.00</ram:GrandTotalAmount></ram:SpecifiedTradeSettlementHeaderMonetarySummation></ram:ApplicableHeaderTradeSettlement></rsm:SupplyChainTradeTransaction></rsm:CrossIndustryInvoice>"
FX-343969,Factur-X / ZUGFeRD,"<rsm:CrossIndustryInvoice xmlns:rsm=""urn:un:unece:uncefact:data:standard:CrossIndustryInvoice:100""><rsm:ExchangedDocument><ram:ID>FX-343969</ram:ID><ram:TypeCode>380</ram:TypeCode><ram:IssueDateTime><udt:DateTimeString format=""102"">20260101</udt:DateTimeString></ram:IssueDateTime></rsm:ExchangedDocument><rsm:SupplyChainTradeTransaction><ram:ApplicableHeaderTradeSettlement><ram:InvoiceCurrencyCode>EUR</ram:InvoiceCurrencyCode><ram:SpecifiedTradeSettlementHeaderMonetarySummation><ram:GrandTotalAmount>100.00</ram:GrandTotalAmount></ram:SpecifiedTradeSettlementHeaderMonetarySummation></ram:ApplicableHeaderTradeSettlement></rsm:SupplyChainTradeTransaction></rsm:CrossIndustryInvoice>"
FX-476609,Factur-X / ZUGFeRD,"<rsm:CrossIndustryInvoice xmlns:rsm=""urn:un:unece:uncefact:data:standard:CrossIndustryInvoice:100""><rsm:ExchangedDocument><ram:ID>FX-476609</ram:ID><ram:TypeCode>380</ram:TypeCode><ram:IssueDateTime><udt:DateTimeString format=""102"">20260101</udt:DateTimeString></ram:IssueDateTime></rsm:ExchangedDocument><rsm:SupplyChainTradeTransaction><ram:ApplicableHeaderTradeSettlement><ram:InvoiceCurrencyCode>EUR</ram:InvoiceCurrencyCode><ram:SpecifiedTradeSettlementHeaderMonetarySummation><ram:GrandTotalAmount>100.00</ram:GrandTotalAmount></ram:SpecifiedTradeSettlementHeaderMonetarySummation></ram:ApplicableHeaderTradeSettlement></rsm:SupplyChainTradeTransaction></rsm:CrossIndustryInvoice>"
FX-816439,Factur-X / ZUGFeRD,"<rsm:CrossIndustryInvoice xmlns:rsm=""urn:un:unece:uncefact:data:standard:CrossIndustryInvoice:100""><rsm:ExchangedDocument><ram:ID>FX-816439</ram:ID><ram:TypeCode>380</ram:TypeCode><ram:IssueDateTime><udt:DateTimeString format=""102"">20260101</udt:DateTimeString></ram:IssueDateTime></rsm:ExchangedDocument><rsm:SupplyChainTradeTransaction><ram:ApplicableHeaderTradeSettlement><ram:InvoiceCurrencyCode>EUR</ram:InvoiceCurrencyCode><ram:SpecifiedTradeSettlementHeaderMonetarySummation><ram:GrandTotalAmount>100.00</ram:GrandTotalAmount></ram:SpecifiedTradeSettlementHeaderMonetarySummation></ram:ApplicableHeaderTradeSettlement></rsm:SupplyChainTradeTransaction></rsm:CrossIndustryInvoice>"
FX-914405,Factur-X / ZUGFeRD,"<rsm:CrossIndustryInvoice xmlns:rsm=""urn:un:unece:uncefact:data:standard:CrossIndustryInvoice:100""><rsm:ExchangedDocument><ram:ID>FX-914405</ram:ID><ram:TypeCode>380</ram:TypeCode><ram:IssueDateTime><udt:DateTimeString format=""102"">20260101</udt:DateTimeString></ram:IssueDateTime></rsm:ExchangedDocument><rsm:SupplyChainTradeTransaction><ram:ApplicableHeaderTradeSettlement><ram:InvoiceCurrencyCode>EUR</ram:InvoiceCurrencyCode><ram:SpecifiedTradeSettlementHeaderMonetarySummation><ram:GrandTotalAmount>100.00</ram:GrandTotalAmount></ram:SpecifiedTradeSettlementHeaderMonetarySummation></ram:ApplicableHeaderTradeSettlement></rsm:SupplyChainTradeTransaction></rsm:CrossIndustryInvoice>"
FX-233464,Factur-X / ZUGFeRD,"<rsm:CrossIndustryInvoice xmlns:rsm=""urn:un:unece:uncefact:data:standard:CrossIndustryInvoice:100""><rsm:ExchangedDocument><ram:ID>FX-233464</ram:ID><ram:TypeCode>380</ram:TypeCode><ram:IssueDateTime><udt:DateTimeString format=""102"">20260101</udt:DateTimeString></ram:IssueDateTime></rsm:ExchangedDocument><rsm:SupplyChainTradeTransaction><ram:ApplicableHeaderTradeSettlement><ram:InvoiceCurrencyCode>EUR</ram:InvoiceCurrencyCode><ram:SpecifiedTradeSettlementHeaderMonetarySummation><ram:GrandTotalAmount>100.00</ram:GrandTotalAmount></ram:SpecifiedTradeSettlementHeaderMonetarySummation></ram:ApplicableHeaderTradeSettlement></rsm:SupplyChainTradeTransaction></rsm:CrossIndustryInvoice>"
FX-610544,Factur-X / ZUGFeRD,"<rsm:CrossIndustryInvoice xmlns:rsm=""urn:un:unece:uncefact:data:standard:CrossIndustryInvoice:100""><rsm:ExchangedDocument><ram:ID>FX-610544</ram:ID><ram:TypeCode>380</ram:TypeCode><ram:IssueDateTime><udt:DateTimeString format=""102"">20260101</udt:DateTimeString></ram:IssueDateTime></rsm:ExchangedDocument><rsm:SupplyChainTradeTransaction><ram:ApplicableHeaderTradeSettlement><ram:InvoiceCurrencyCode>EUR</ram:InvoiceCurrencyCode><ram:SpecifiedTradeSettlementHeaderMonetarySummation><ram:GrandTotalAmount>100.00</ram:GrandTotalAmount></ram:SpecifiedTradeSettlementHeaderMonetarySummation></ram:ApplicableHeaderTradeSettlement></rsm:SupplyChainTradeTransaction></rsm:CrossIndustryInvoice>"
FX-410916,Factur-X / ZUGFeRD,"<rsm:CrossIndustryInvoice xmlns:rsm=""urn:un:unece:uncefact:data:standard:CrossIndustryInvoice:100""><rsm:ExchangedDocument><ram:ID>FX-410916</ram:ID><ram:TypeCode>380</ram:TypeCode><ram:IssueDateTime><udt:DateTimeString format=""102"">20260101</udt:DateTimeString></ram:IssueDateTime></rsm:ExchangedDocument><rsm:SupplyChainTradeTransaction><ram:ApplicableHeaderTradeSettlement><ram:InvoiceCurrencyCode>EUR</ram:InvoiceCurrencyCode><ram:SpecifiedTradeSettlementHeaderMonetarySummation><ram:GrandTotalAmount>100.00</ram:GrandTotalAmount></ram:SpecifiedTradeSettlementHeaderMonetarySummation></ram:ApplicableHeaderTradeSettlement></rsm:SupplyChainTradeTransaction></rsm:CrossIndustryInvoice>"
FX-653471,Factur-X / ZUGFeRD,"<rsm:CrossIndustryInvoice xmlns:rsm=""urn:un:unece:uncefact:data:standard:CrossIndustryInvoice:100""><rsm:ExchangedDocument><ram:ID>FX-653471</ram:ID><ram:TypeCode>380</ram:TypeCode><ram:IssueDateTime><udt:DateTimeString format=""102"">20260101</udt:DateTimeString></ram:IssueDateTime></rsm:ExchangedDocument><rsm:SupplyChainTradeTransaction><ram:ApplicableHeaderTradeSettlement><ram:InvoiceCurrencyCode>EUR</ram:InvoiceCurrencyCode><ram:SpecifiedTradeSettlementHeaderMonetarySummation><ram:GrandTotalAmount>100.00</ram:GrandTotalAmount></ram:SpecifiedTradeSettlementHeaderMonetarySummation></ram:ApplicableHeaderTradeSettlement></rsm:SupplyChainTradeTransaction></rsm:CrossIndustryInvoice>"
FX-406504,Factur-X / ZUGFeRD,"<rsm:CrossIndustryInvoice xmlns:rsm=""urn:un:unece:uncefact:data:standard:CrossIndustryInvoice:100""><rsm:ExchangedDocument><ram:ID>FX-406504</ram:ID><ram:TypeCode>380</ram:TypeCode><ram:IssueDateTime><udt:DateTimeString format=""102"">20260101</udt:DateTimeString></ram:IssueDateTime></rsm:ExchangedDocument><rsm:SupplyChainTradeTransaction><ram:ApplicableHeaderTradeSettlement><ram:InvoiceCurrencyCode>EUR</ram:InvoiceCurrencyCode><ram:SpecifiedTradeSettlementHeaderMonetarySummation><ram:GrandTotalAmount>100.00</ram:GrandTotalAmount></ram:SpecifiedTradeSettlementHeaderMonetarySummation></ram:ApplicableHeaderTradeSettlement></rsm:SupplyChainTradeTransaction></rsm:CrossIndustryInvoice>"
FX-236819,Factur-X / ZUGFeRD,"<rsm:CrossIndustryInvoice xmlns:rsm=""urn:un:unece:uncefact:data:standard:CrossIndustryInvoice:100""><rsm:ExchangedDocument><ram:ID>FX-236819</ram:ID><ram:TypeCode>380</ram:TypeCode><ram:IssueDateTime><udt:DateTimeString format=""102"">20260101</udt:DateTimeString></ram:IssueDateTime></rsm:ExchangedDocument><rsm:SupplyChainTradeTransaction><ram:ApplicableHeaderTradeSettlement><ram:InvoiceCurrencyCode>EUR</ram:InvoiceCurrencyCode><ram:SpecifiedTradeSettlementHeaderMonetarySummation><ram:GrandTotalAmount>100.00</ram:GrandTotalAmount></ram:SpecifiedTradeSettlementHeaderMonetarySummation></ram:ApplicableHeaderTradeSettlement></rsm:SupplyChainTradeTransaction></rsm:CrossIndustryInvoice>"
FX-017221,Factur-X / ZUGFeRD,"<rsm:CrossIndustryInvoice xmlns:rsm=""urn:un:unece:uncefact:data:standard:CrossIndustryInvoice:100""><rsm:ExchangedDocument><ram:ID>FX-017221</ram:ID><ram:TypeCode>380</ram:TypeCode><ram:IssueDateTime><udt:DateTimeString format=""102"">20260101</udt:DateTimeString></ram:IssueDateTime></rsm:ExchangedDocument><rsm:SupplyChainTradeTransaction><ram:ApplicableHeaderTradeSettlement><ram:InvoiceCurrencyCode>EUR</ram:InvoiceCurrencyCode><ram:SpecifiedTradeSettlementHeaderMonetarySummation><ram:GrandTotalAmount>100.00</ram:GrandTotalAmount></ram:SpecifiedTradeSettlementHeaderMonetarySummation></ram:ApplicableHeaderTradeSettlement></rsm:SupplyChainTradeTransaction></rsm:CrossIndustryInvoice>"
FX-480306,Factur-X / ZUGFeRD,"<rsm:CrossIndustryInvoice xmlns:rsm=""urn:un:unece:uncefact:data:standard:CrossIndustryInvoice:100""><rsm:ExchangedDocument><ram:ID>FX-480306</ram:ID><ram:TypeCode>380</ram:TypeCode><ram:IssueDateTime><udt:DateTimeString format=""102"">20260101</udt:DateTimeString></ram:IssueDateTime></rsm:ExchangedDocument><rsm:SupplyChainTradeTransaction><ram:ApplicableHeaderTradeSettlement><ram:InvoiceCurrencyCode>EUR</ram:InvoiceCurrencyCode><ram:SpecifiedTradeSettlementHeaderMonetarySummation><ram:GrandTotalAmount>100.00</ram:GrandTotalAmount></ram:SpecifiedTradeSettlementHeaderMonetarySummation></ram:ApplicableHeaderTradeSettlement></rsm:SupplyChainTradeTransaction></rsm:CrossIndustryInvoice>"
FX-997153,Factur-X / ZUGFeRD,"<rsm:CrossIndustryInvoice xmlns:rsm=""urn:un:unece:uncefact:data:standard:CrossIndustryInvoice:100""><rsm:ExchangedDocument><ram:ID>FX-997153</ram:ID><ram:TypeCode>380</ram:TypeCode><ram:IssueDateTime><udt:DateTimeString format=""102"">20260101</udt:DateTimeString></ram:IssueDateTime></rsm:ExchangedDocument><rsm:SupplyChainTradeTransaction><ram:ApplicableHeaderTradeSettlement><ram:InvoiceCurrencyCode>EUR</ram:InvoiceCurrencyCode><ram:SpecifiedTradeSettlementHeaderMonetarySummation><ram:GrandTotalAmount>100.00</ram:GrandTotalAmount></ram:SpecifiedTradeSettlementHeaderMonetarySummation></ram:ApplicableHeaderTradeSettlement></rsm:SupplyChainTradeTransaction></rsm:CrossIndustryInvoice>"
FX-240392,Factur-X / ZUGFeRD,"<rsm:CrossIndustryInvoice xmlns:rsm=""urn:un:unece:uncefact:data:standard:CrossIndustryInvoice:100""><rsm:ExchangedDocument><ram:ID>FX-240392</ram:ID><ram:TypeCode>380</ram:TypeCode><ram:IssueDateTime><udt:DateTimeString format=""102"">20260101</udt:DateTimeString></ram:IssueDateTime></rsm:ExchangedDocument><rsm:SupplyChainTradeTransaction><ram:ApplicableHeaderTradeSettlement><ram:InvoiceCurrencyCode>EUR</ram:InvoiceCurrencyCode><ram:SpecifiedTradeSettlementHeaderMonetarySummation><ram:GrandTotalAmount>100.00</ram:GrandTotalAmount></ram:SpecifiedTradeSettlementHeaderMonetarySummation></ram:ApplicableHeaderTradeSettlement></rsm:SupplyChainTradeTransaction></rsm:CrossIndustryInvoice>"
FX-650659,Factur-X / ZUGFeRD,"<rsm:CrossIndustryInvoice xmlns:rsm=""urn:un:unece:uncefact:data:standard:CrossIndustryInvoice:100""><rsm:ExchangedDocument><ram:ID>FX-650659</ram:ID><ram:TypeCode>380</ram:TypeCode><ram:IssueDateTime><udt:DateTimeString format=""102"">20260101</udt:DateTimeString></ram:IssueDateTime></rsm:ExchangedDocument><rsm:SupplyChainTradeTransaction><ram:ApplicableHeaderTradeSettlement><ram:InvoiceCurrencyCode>EUR</ram:InvoiceCurrencyCode><ram:SpecifiedTradeSettlementHeaderMonetarySummation><ram:GrandTotalAmount>100.00</ram:GrandTotalAmount></ram:SpecifiedTradeSettlementHeaderMonetarySummation></ram:ApplicableHeaderTradeSettlement></rsm:SupplyChainTradeTransaction></rsm:CrossIndustryInvoice>"
FX-885358,Factur-X / ZUGFeRD,"<rsm:CrossIndustryInvoice xmlns:rsm=""urn:un:unece:uncefact:data:standard:CrossIndustryInvoice:100""><rsm:ExchangedDocument><ram:ID>FX-885358</ram:ID><ram:TypeCode>380</ram:TypeCode><ram:IssueDateTime><udt:DateTimeString format=""102"">20260101</udt:DateTimeString></ram:IssueDateTime></rsm:ExchangedDocument><rsm:SupplyChainTradeTransaction><ram:ApplicableHeaderTradeSettlement><ram:InvoiceCurrencyCode>EUR</ram:InvoiceCurrencyCode><ram:SpecifiedTradeSettlementHeaderMonetarySummation><ram:GrandTotalAmount>100.00</ram:GrandTotalAmount></ram:SpecifiedTradeSettlementHeaderMonetarySummation></ram:ApplicableHeaderTradeSettlement></rsm:SupplyChainTradeTransaction></rsm:CrossIndustryInvoice>"
FX-115507,Factur-X / ZUGFeRD,"<rsm:CrossIndustryInvoice xmlns:rsm=""urn:un:unece:uncefact:data:standard:CrossIndustryInvoice:100""><rsm:ExchangedDocument><ram:ID>FX-115507</ram:ID><ram:TypeCode>380</ram:TypeCode><ram:IssueDateTime><udt:DateTimeString format=""102"">20260101</udt:DateTimeString></ram:IssueDateTime></rsm:ExchangedDocument><rsm:SupplyChainTradeTransaction><ram:ApplicableHeaderTradeSettlement><ram:InvoiceCurrencyCode>EUR</ram:InvoiceCurrencyCode><ram:SpecifiedTradeSettlementHeaderMonetarySummation><ram:GrandTotalAmount>100.00</ram:GrandTotalAmount></ram:SpecifiedTradeSettlementHeaderMonetarySummation></ram:ApplicableHeaderTradeSettlement></rsm:SupplyChainTradeTransaction></rsm:CrossIndustryInvoice>"
FX-021741,Factur-X / ZUGFeRD,"<rsm:CrossIndustryInvoice xmlns:rsm=""urn:un:unece:uncefact:data:standard:CrossIndustryInvoice:100""><rsm:ExchangedDocument><ram:ID>FX-021741</ram:ID><ram:TypeCode>380</ram:TypeCode><ram:IssueDateTime><udt:DateTimeString format=""102"">20260101</udt:DateTimeString></ram:IssueDateTime></rsm:ExchangedDocument><rsm:SupplyChainTradeTransaction><ram:ApplicableHeaderTradeSettlement><ram:InvoiceCurrencyCode>EUR</ram:InvoiceCurrencyCode><ram:SpecifiedTradeSettlementHeaderMonetarySummation><ram:GrandTotalAmount>100.00</ram:GrandTotalAmount></ram:SpecifiedTradeSettlementHeaderMonetarySummation></ram:ApplicableHeaderTradeSettlement></rsm:SupplyChainTradeTransaction></rsm:CrossIndustryInvoice>"
FX-176568,Factur-X / ZUGFeRD,"<rsm:CrossIndustryInvoice xmlns:rsm=""urn:un:unece:uncefact:data:standard:CrossIndustryInvoice:100""><rsm:ExchangedDocument><ram:ID>FX-176568</ram:ID><ram:TypeCode>380</ram:TypeCode><ram:IssueDateTime><udt:DateTimeString format=""102"">20260101</udt:DateTimeString></ram:IssueDateTime></rsm:ExchangedDocument><rsm:SupplyChainTradeTransaction><ram:ApplicableHeaderTradeSettlement><ram:InvoiceCurrencyCode>EUR</ram:InvoiceCurrencyCode><ram:SpecifiedTradeSettlementHeaderMonetarySummation><ram:GrandTotalAmount>100.00</ram:GrandTotalAmount></ram:SpecifiedTradeSettlementHeaderMonetarySummation></ram:ApplicableHeaderTradeSettlement></rsm:SupplyChainTradeTransaction></rsm:CrossIndustryInvoice>"
FX-935535,Factur-X / ZUGFeRD,"<rsm:CrossIndustryInvoice xmlns:rsm=""urn:un:unece:uncefact:data:standard:CrossIndustryInvoice:100""><rsm:ExchangedDocument><ram:ID>FX-935535</ram:ID><ram:TypeCode>380</ram:TypeCode><ram:IssueDateTime><udt:DateTimeString format=""102"">20260101</udt:DateTimeString></ram:IssueDateTime></rsm:ExchangedDocument><rsm:SupplyChainTradeTransaction><ram:ApplicableHeaderTradeSettlement><ram:InvoiceCurrencyCode>EUR</ram:InvoiceCurrencyCode><ram:SpecifiedTradeSettlementHeaderMonetarySummation><ram:GrandTotalAmount>100.00</ram:GrandTotalAmount></ram:SpecifiedTradeSettlementHeaderMonetarySummation></ram:ApplicableHeaderTradeSettlement></rsm:SupplyChainTradeTransaction></rsm:CrossIndustryInvoice>"
FX-050423,Factur-X / ZUGFeRD,"<rsm:CrossIndustryInvoice xmlns:rsm=""urn:un:unece:uncefact:data:standard:CrossIndustryInvoice:100""><rsm:ExchangedDocument><ram:ID>FX-050423</ram:ID><ram:TypeCode>380</ram:TypeCode><ram:IssueDateTime><udt:DateTimeString format=""102"">20260101</udt:DateTimeString></ram:IssueDateTime></rsm:ExchangedDocument><rsm:SupplyChainTradeTransaction><ram:ApplicableHeaderTradeSettlement><ram:InvoiceCurrencyCode>EUR</ram:InvoiceCurrencyCode><ram:SpecifiedTradeSettlementHeaderMonetarySummation><ram:GrandTotalAmount>100.00</ram:GrandTotalAmount></ram:SpecifiedTradeSettlementHeaderMonetarySummation></ram:ApplicableHeaderTradeSettlement></rsm:SupplyChainTradeTransaction></rsm:CrossIndustryInvoice>"
FX-538302,Factur-X / ZUGFeRD,"<rsm:CrossIndustryInvoice xmlns:rsm=""urn:un:unece:uncefact:data:standard:CrossIndustryInvoice:100""><rsm:ExchangedDocument><ram:ID>FX-538302</ram:ID><ram:TypeCode>380</ram:TypeCode><ram:IssueDateTime><udt:DateTimeString format=""102"">20260101</udt:DateTimeString></ram:IssueDateTime></rsm:ExchangedDocument><rsm:SupplyChainTradeTransaction><ram:ApplicableHeaderTradeSettlement><ram:InvoiceCurrencyCode>EUR</ram:InvoiceCurrencyCode><ram:SpecifiedTradeSettlementHeaderMonetarySummation><ram:GrandTotalAmount>100.00</ram:GrandTotalAmount></ram:SpecifiedTradeSettlementHeaderMonetarySummation></ram:ApplicableHeaderTradeSettlement></rsm:SupplyChainTradeTransaction></rsm:CrossIndustryInvoice>"
FX-719998,Factur-X / ZUGFeRD,"<rsm:CrossIndustryInvoice xmlns:rsm=""urn:un:unece:uncefact:data:standard:CrossIndustryInvoice:100""><rsm:ExchangedDocument><ram:ID>FX-719998</ram:ID><ram:TypeCode>380</ram:TypeCode><ram:IssueDateTime><udt:DateTimeString format=""102"">20260101</udt:DateTimeString></ram:IssueDateTime></rsm:ExchangedDocument><rsm:SupplyChainTradeTransaction><ram:ApplicableHeaderTradeSettlement><ram:InvoiceCurrencyCode>EUR</ram:InvoiceCurrencyCode><ram:SpecifiedTradeSettlementHeaderMonetarySummation><ram:GrandTotalAmount>100.00</ram:GrandTotalAmount></ram:SpecifiedTradeSettlementHeaderMonetarySummation></ram:ApplicableHeaderTradeSettlement></rsm:SupplyChainTradeTransaction></rsm:CrossIndustryInvoice>"
FX-247946,Factur-X / ZUGFeRD,"<rsm:CrossIndustryInvoice xmlns:rsm=""urn:un:unece:uncefact:data:standard:CrossIndustryInvoice:100""><rsm:ExchangedDocument><ram:ID>FX-247946</ram:ID><ram:TypeCode>380</ram:TypeCode><ram:IssueDateTime><udt:DateTimeString format=""102"">20260101</udt:DateTimeString></ram:IssueDateTime></rsm:ExchangedDocument><rsm:SupplyChainTradeTransaction><ram:ApplicableHeaderTradeSettlement><ram:InvoiceCurrencyCode>EUR</ram:InvoiceCurrencyCode><ram:SpecifiedTradeSettlementHeaderMonetarySummation><ram:GrandTotalAmount>100.00</ram:GrandTotalAmount></ram:SpecifiedTradeSettlementHeaderMonetarySummation></ram:ApplicableHeaderTradeSettlement></rsm:SupplyChainTradeTransaction></rsm:CrossIndustryInvoice>"
FX-061916,Factur-X / ZUGFeRD,"<rsm:CrossIndustryInvoice xmlns:rsm=""urn:un:unece:uncefact:data:standard:CrossIndustryInvoice:100""><rsm:ExchangedDocument><ram:ID>FX-061916</ram:ID><ram:TypeCode>380</ram:TypeCode><ram:IssueDateTime><udt:DateTimeString format=""102"">20260101</udt:DateTimeString></ram:IssueDateTime></rsm:ExchangedDocument><rsm:SupplyChainTradeTransaction><ram:ApplicableHeaderTradeSettlement><ram:InvoiceCurrencyCode>EUR</ram:InvoiceCurrencyCode><ram:SpecifiedTradeSettlementHeaderMonetarySummation><ram:GrandTotalAmount>100.00</ram:GrandTotalAmount></ram:SpecifiedTradeSettlementHeaderMonetarySummation></ram:ApplicableHeaderTradeSettlement></rsm:SupplyChainTradeTransaction></rsm:CrossIndustryInvoice>"
FX-978438,Factur-X / ZUGFeRD,"<rsm:CrossIndustryInvoice xmlns:rsm=""urn:un:unece:uncefact:data:standard:CrossIndustryInvoice:100""><rsm:ExchangedDocument><ram:ID>FX-978438</ram:ID><ram:TypeCode>380</ram:TypeCode><ram:IssueDateTime><udt:DateTimeString format=""102"">20260101</udt:DateTimeString></ram:IssueDateTime></rsm:ExchangedDocument><rsm:SupplyChainTradeTransaction><ram:ApplicableHeaderTradeSettlement><ram:InvoiceCurrencyCode>EUR</ram:InvoiceCurrencyCode><ram:SpecifiedTradeSettlementHeaderMonetarySummation><ram:GrandTotalAmount>100.00</ram:GrandTotalAmount></ram:SpecifiedTradeSettlementHeaderMonetarySummation></ram:ApplicableHeaderTradeSettlement></rsm:SupplyChainTradeTransaction></rsm:CrossIndustryInvoice>"
FX-391450,Factur-X / ZUGFeRD,"<rsm:CrossIndustryInvoice xmlns:rsm=""urn:un:unece:uncefact:data:standard:CrossIndustryInvoice:100""><rsm:ExchangedDocument><ram:ID>FX-391450</ram:ID><ram:TypeCode>380</ram:TypeCode><ram:IssueDateTime><udt:DateTimeString format=""102"">20260101</udt:DateTimeString></ram:IssueDateTime></rsm:ExchangedDocument><rsm:SupplyChainTradeTransaction><ram:ApplicableHeaderTradeSettlement><ram:InvoiceCurrencyCode>EUR</ram:InvoiceCurrencyCode><ram:SpecifiedTradeSettlementHeaderMonetarySummation><ram:GrandTotalAmount>100.00</ram:GrandTotalAmount></ram:SpecifiedTradeSettlementHeaderMonetarySummation></ram:ApplicableHeaderTradeSettlement></rsm:SupplyChainTradeTransaction></rsm:CrossIndustryInvoice>"
FX-262974,Factur-X / ZUGFeRD,"<rsm:CrossIndustryInvoice xmlns:rsm=""urn:un:unece:uncefact:data:standard:CrossIndustryInvoice:100""><rsm:ExchangedDocument><ram:ID>FX-262974</ram:ID><ram:TypeCode>380</ram:TypeCode><ram:IssueDateTime><udt:DateTimeString format=""102"">20260101</udt:DateTimeString></ram:IssueDateTime></rsm:ExchangedDocument><rsm:SupplyChainTradeTransaction><ram:ApplicableHeaderTradeSettlement><ram:InvoiceCurrencyCode>EUR</ram:InvoiceCurrencyCode><ram:SpecifiedTradeSettlementHeaderMonetarySummation><ram:GrandTotalAmount>100.00</ram:GrandTotalAmount></ram:SpecifiedTradeSettlementHeaderMonetarySummation></ram:ApplicableHeaderTradeSettlement></rsm:SupplyChainTradeTransaction></rsm:CrossIndustryInvoice>"
FX-888858,Factur-X / ZUGFeRD,"<rsm:CrossIndustryInvoice xmlns:rsm=""urn:un:unece:uncefact:data:standard:CrossIndustryInvoice:100""><rsm:ExchangedDocument><ram:ID>FX-888858</ram:ID><ram:TypeCode>380</ram:TypeCode><ram:IssueDateTime><udt:DateTimeString format=""102"">20260101</udt:DateTimeString></ram:IssueDateTime></rsm:ExchangedDocument><rsm:SupplyChainTradeTransaction><ram:ApplicableHeaderTradeSettlement><ram:InvoiceCurrencyCode>EUR</ram:InvoiceCurrencyCode><ram:SpecifiedTradeSettlementHeaderMonetarySummation><ram:GrandTotalAmount>100.00</ram:GrandTotalAmount></ram:SpecifiedTradeSettlementHeaderMonetarySummation></ram:ApplicableHeaderTradeSettlement></rsm:SupplyChainTradeTransaction></rsm:CrossIndustryInvoice>"
FX-013236,Factur-X / ZUGFeRD,"<rsm:CrossIndustryInvoice xmlns:rsm=""urn:un:unece:uncefact:data:standard:CrossIndustryInvoice:100""><rsm:ExchangedDocument><ram:ID>FX-013236</ram:ID><ram:TypeCode>380</ram:TypeCode><ram:IssueDateTime><udt:DateTimeString format=""102"">20260101</udt:DateTimeString></ram:IssueDateTime></rsm:ExchangedDocument><rsm:SupplyChainTradeTransaction><ram:ApplicableHeaderTradeSettlement><ram:InvoiceCurrencyCode>EUR</ram:InvoiceCurrencyCode><ram:SpecifiedTradeSettlementHeaderMonetarySummation><ram:GrandTotalAmount>100.00</ram:GrandTotalAmount></ram:SpecifiedTradeSettlementHeaderMonetarySummation></ram:ApplicableHeaderTradeSettlement></rsm:SupplyChainTradeTransaction></rsm:CrossIndustryInvoice>"
FX-741111,Factur-X / ZUGFeRD,"<rsm:CrossIndustryInvoice xmlns:rsm=""urn:un:unece:uncefact:data:standard:CrossIndustryInvoice:100""><rsm:ExchangedDocument><ram:ID>FX-741111</ram:ID><ram:TypeCode>380</ram:TypeCode><ram:IssueDateTime><udt:DateTimeString format=""102"">20260101</udt:DateTimeString></ram:IssueDateTime></rsm:ExchangedDocument><rsm:SupplyChainTradeTransaction><ram:ApplicableHeaderTradeSettlement><ram:InvoiceCurrencyCode>EUR</ram:InvoiceCurrencyCode><ram:SpecifiedTradeSettlementHeaderMonetarySummation><ram:GrandTotalAmount>100.00</ram:GrandTotalAmount></ram:SpecifiedTradeSettlementHeaderMonetarySummation></ram:ApplicableHeaderTradeSettlement></rsm:SupplyChainTradeTransaction></rsm:CrossIndustryInvoice>"
FX-092689,Factur-X / ZUGFeRD,"<rsm:CrossIndustryInvoice xmlns:rsm=""urn:un:unece:uncefact:data:standard:CrossIndustryInvoice:100""><rsm:ExchangedDocument><ram:ID>FX-092689</ram:ID><ram:TypeCode>380</ram:TypeCode><ram:IssueDateTime><udt:DateTimeString format=""102"">20260101</udt:DateTimeString></ram:IssueDateTime></rsm:ExchangedDocument><rsm:SupplyChainTradeTransaction><ram:ApplicableHeaderTradeSettlement><ram:InvoiceCurrencyCode>EUR</ram:InvoiceCurrencyCode><ram:SpecifiedTradeSettlementHeaderMonetarySummation><ram:GrandTotalAmount>100.00</ram:GrandTotalAmount></ram:SpecifiedTradeSettlementHeaderMonetarySummation></ram:ApplicableHeaderTradeSettlement></rsm:SupplyChainTradeTransaction></rsm:CrossIndustryInvoice>"
FX-275661,Factur-X / ZUGFeRD,"<rsm:CrossIndustryInvoice xmlns:rsm=""urn:un:unece:uncefact:data:standard:CrossIndustryInvoice:100""><rsm:ExchangedDocument><ram:ID>FX-275661</ram:ID><ram:TypeCode>380</ram:TypeCode><ram:IssueDateTime><udt:DateTimeString format=""102"">20260101</udt:DateTimeString></ram:IssueDateTime></rsm:ExchangedDocument><rsm:SupplyChainTradeTransaction><ram:ApplicableHeaderTradeSettlement><ram:InvoiceCurrencyCode>EUR</ram:InvoiceCurrencyCode><ram:SpecifiedTradeSettlementHeaderMonetarySummation><ram:GrandTotalAmount>100.00</ram:GrandTotalAmount></ram:SpecifiedTradeSettlementHeaderMonetarySummation></ram:ApplicableHeaderTradeSettlement></rsm:SupplyChainTradeTransaction></rsm:CrossIndustryInvoice>"
FX-530635,Factur-X / ZUGFeRD,"<rsm:CrossIndustryInvoice xmlns:rsm=""urn:un:unece:uncefact:data:standard:CrossIndustryInvoice:100""><rsm:ExchangedDocument><ram:ID>FX-530635</ram:ID><ram:TypeCode>380</ram:TypeCode><ram:IssueDateTime><udt:DateTimeString format=""102"">20260101</udt:DateTimeString></ram:IssueDateTime></rsm:ExchangedDocument><rsm:SupplyChainTradeTransaction><ram:ApplicableHeaderTradeSettlement><ram:InvoiceCurrencyCode>EUR</ram:InvoiceCurrencyCode><ram:SpecifiedTradeSettlementHeaderMonetarySummation><ram:GrandTotalAmount>100.00</ram:GrandTotalAmount></ram:SpecifiedTradeSettlementHeaderMonetarySummation></ram:ApplicableHeaderTradeSettlement></rsm:SupplyChainTradeTransaction></rsm:CrossIndustryInvoice>"
FX-730428,Factur-X / ZUGFeRD,"<rsm:CrossIndustryInvoice xmlns:rsm=""urn:un:unece:uncefact:data:standard:CrossIndustryInvoice:100""><rsm:ExchangedDocument><ram:ID>FX-730428</ram:ID><ram:TypeCode>380</ram:TypeCode><ram:IssueDateTime><udt:DateTimeString format=""102"">20260101</udt:DateTimeString></ram:IssueDateTime></rsm:ExchangedDocument><rsm:SupplyChainTradeTransaction><ram:ApplicableHeaderTradeSettlement><ram:InvoiceCurrencyCode>EUR</ram:InvoiceCurrencyCode><ram:SpecifiedTradeSettlementHeaderMonetarySummation><ram:GrandTotalAmount>100.00</ram:GrandTotalAmount></ram:SpecifiedTradeSettlementHeaderMonetarySummation></ram:ApplicableHeaderTradeSettlement></rsm:SupplyChainTradeTransaction></rsm:CrossIndustryInvoice>"
FX-409331,Factur-X / ZUGFeRD,"<rsm:CrossIndustryInvoice xmlns:rsm=""urn:un:unece:uncefact:data:standard:CrossIndustryInvoice:100""><rsm:ExchangedDocument><ram:ID>FX-409331</ram:ID><ram:TypeCode>380</ram:TypeCode><ram:IssueDateTime><udt:DateTimeString format=""102"">20260101</udt:DateTimeString></ram:IssueDateTime></rsm:ExchangedDocument><rsm:SupplyChainTradeTransaction><ram:ApplicableHeaderTradeSettlement><ram:InvoiceCurrencyCode>EUR</ram:InvoiceCurrencyCode><ram:SpecifiedTradeSettlementHeaderMonetarySummation><ram:GrandTotalAmount>100.00</ram:GrandTotalAmount></ram:SpecifiedTradeSettlementHeaderMonetarySummation></ram:ApplicableHeaderTradeSettlement></rsm:SupplyChainTradeTransaction></rsm:CrossIndustryInvoice>"
FX-574016,Factur-X / ZUGFeRD,"<rsm:CrossIndustryInvoice xmlns:rsm=""urn:un:unece:uncefact:data:standard:CrossIndustryInvoice:100""><rsm:ExchangedDocument><ram:ID>FX-574016</ram:ID><ram:TypeCode>380</ram:TypeCode><ram:IssueDateTime><udt:DateTimeString format=""102"">20260101</udt:DateTimeString></ram:IssueDateTime></rsm:ExchangedDocument><rsm:SupplyChainTradeTransaction><ram:ApplicableHeaderTradeSettlement><ram:InvoiceCurrencyCode>EUR</ram:InvoiceCurrencyCode><ram:SpecifiedTradeSettlementHeaderMonetarySummation><ram:GrandTotalAmount>100.00</ram:GrandTotalAmount></ram:SpecifiedTradeSettlementHeaderMonetarySummation></ram:ApplicableHeaderTradeSettlement></rsm:SupplyChainTradeTransaction></rsm:CrossIndustryInvoice>"
FX-368038,Factur-X / ZUGFeRD,"<rsm:CrossIndustryInvoice xmlns:rsm=""urn:un:unece:uncefact:data:standard:CrossIndustryInvoice:100""><rsm:ExchangedDocument><ram:ID>FX-368038</ram:ID><ram:TypeCode>380</ram:TypeCode><ram:IssueDateTime><udt:DateTimeString format=""102"">20260101</udt:DateTimeString></ram:IssueDateTime></rsm:ExchangedDocument><rsm:SupplyChainTradeTransaction><ram:ApplicableHeaderTradeSettlement><ram:InvoiceCurrencyCode>EUR</ram:InvoiceCurrencyCode><ram:SpecifiedTradeSettlementHeaderMonetarySummation><ram:GrandTotalAmount>100.00</ram:GrandTotalAmount></ram:SpecifiedTradeSettlementHeaderMonetarySummation></ram:ApplicableHeaderTradeSettlement></rsm:SupplyChainTradeTransaction></rsm:CrossIndustryInvoice>"
FX-118391,Factur-X / ZUGFeRD,"<rsm:CrossIndustryInvoice xmlns:rsm=""urn:un:unece:uncefact:data:standard:CrossIndustryInvoice:100""><rsm:ExchangedDocument><ram:ID>FX-118391</ram:ID><ram:TypeCode>380</ram:TypeCode><ram:IssueDateTime><udt:DateTimeString format=""102"">20260101</udt:DateTimeString></ram:IssueDateTime></rsm:ExchangedDocument><rsm:SupplyChainTradeTransaction><ram:ApplicableHeaderTradeSettlement><ram:InvoiceCurrencyCode>EUR</ram:InvoiceCurrencyCode><ram:SpecifiedTradeSettlementHeaderMonetarySummation><ram:GrandTotalAmount>100.00</ram:GrandTotalAmount></ram:SpecifiedTradeSettlementHeaderMonetarySummation></ram:ApplicableHeaderTradeSettlement></rsm:SupplyChainTradeTransaction></rsm:CrossIndustryInvoice>"
FX-379117,Factur-X / ZUGFeRD,"<rsm:CrossIndustryInvoice xmlns:rsm=""urn:un:unece:uncefact:data:standard:CrossIndustryInvoice:100""><rsm:ExchangedDocument><ram:ID>FX-379117</ram:ID><ram:TypeCode>380</ram:TypeCode><ram:IssueDateTime><udt:DateTimeString format=""102"">20260101</udt:DateTimeString></ram:IssueDateTime></rsm:ExchangedDocument><rsm:SupplyChainTradeTransaction><ram:ApplicableHeaderTradeSettlement><ram:InvoiceCurrencyCode>EUR</ram:InvoiceCurrencyCode><ram:SpecifiedTradeSettlementHeaderMonetarySummation><ram:GrandTotalAmount>100.00</ram:GrandTotalAmount></ram:SpecifiedTradeSettlementHeaderMonetarySummation></ram:ApplicableHeaderTradeSettlement></rsm:SupplyChainTradeTransaction></rsm:CrossIndustryInvoice>"
FX-092066,Factur-X / ZUGFeRD,"<rsm:CrossIndustryInvoice xmlns:rsm=""urn:un:unece:uncefact:data:standard:CrossIndustryInvoice:100""><rsm:ExchangedDocument><ram:ID>FX-092066</ram:ID><ram:TypeCode>380</ram:TypeCode><ram:IssueDateTime><udt:DateTimeString format=""102"">20260101</udt:DateTimeString></ram:IssueDateTime></rsm:ExchangedDocument><rsm:SupplyChainTradeTransaction><ram:ApplicableHeaderTradeSettlement><ram:InvoiceCurrencyCode>EUR</ram:InvoiceCurrencyCode><ram:SpecifiedTradeSettlementHeaderMonetarySummation><ram:GrandTotalAmount>100.00</ram:GrandTotalAmount></ram:SpecifiedTradeSettlementHeaderMonetarySummation></ram:ApplicableHeaderTradeSettlement></rsm:SupplyChainTradeTransaction></rsm:CrossIndustryInvoice>"
FX-220353,Factur-X / ZUGFeRD,"<rsm:CrossIndustryInvoice xmlns:rsm=""urn:un:unece:uncefact:data:standard:CrossIndustryInvoice:100""><rsm:ExchangedDocument><ram:ID>FX-220353</ram:ID><ram:TypeCode>380</ram:TypeCode><ram:IssueDateTime><udt:DateTimeString format=""102"">20260101</udt:DateTimeString></ram:IssueDateTime></rsm:ExchangedDocument><rsm:SupplyChainTradeTransaction><ram:ApplicableHeaderTradeSettlement><ram:InvoiceCurrencyCode>EUR</ram:InvoiceCurrencyCode><ram:SpecifiedTradeSettlementHeaderMonetarySummation><ram:GrandTotalAmount>100.00</ram:GrandTotalAmount></ram:SpecifiedTradeSettlementHeaderMonetarySummation></ram:ApplicableHeaderTradeSettlement></rsm:SupplyChainTradeTransaction></rsm:CrossIndustryInvoice>"
FX-623834,Factur-X / ZUGFeRD,"<rsm:CrossIndustryInvoice xmlns:rsm=""urn:un:unece:uncefact:data:standard:CrossIndustryInvoice:100""><rsm:ExchangedDocument><ram:ID>FX-623834</ram:ID><ram:TypeCode>380</ram:TypeCode><ram:IssueDateTime><udt:DateTimeString format=""102"">20260101</udt:DateTimeString></ram:IssueDateTime></rsm:ExchangedDocument><rsm:SupplyChainTradeTransaction><ram:ApplicableHeaderTradeSettlement><ram:InvoiceCurrencyCode>EUR</ram:InvoiceCurrencyCode><ram:SpecifiedTradeSettlementHeaderMonetarySummation><ram:GrandTotalAmount>100.00</ram:GrandTotalAmount></ram:SpecifiedTradeSettlementHeaderMonetarySummation></ram:ApplicableHeaderTradeSettlement></rsm:SupplyChainTradeTransaction></rsm:CrossIndustryInvoice>"
FX-824481,Factur-X / ZUGFeRD,"<rsm:CrossIndustryInvoice xmlns:rsm=""urn:un:unece:uncefact:data:standard:CrossIndustryInvoice:100""><rsm:ExchangedDocument><ram:ID>FX-824481</ram:ID><ram:TypeCode>380</ram:TypeCode><ram:IssueDateTime><udt:DateTimeString format=""102"">20260101</udt:DateTimeString></ram:IssueDateTime></rsm:ExchangedDocument><rsm:SupplyChainTradeTransaction><ram:ApplicableHeaderTradeSettlement><ram:InvoiceCurrencyCode>EUR</ram:InvoiceCurrencyCode><ram:SpecifiedTradeSettlementHeaderMonetarySummation><ram:GrandTotalAmount>100.00</ram:GrandTotalAmount></ram:SpecifiedTradeSettlementHeaderMonetarySummation></ram:ApplicableHeaderTradeSettlement></rsm:SupplyChainTradeTransaction></rsm:CrossIndustryInvoice>"
FX-398979,Factur-X / ZUGFeRD,"<rsm:CrossIndustryInvoice xmlns:rsm=""urn:un:unece:uncefact:data:standard:CrossIndustryInvoice:100""><rsm:ExchangedDocument><ram:ID>FX-398979</ram:ID><ram:TypeCode>380</ram:TypeCode><ram:IssueDateTime><udt:DateTimeString format=""102"">20260101</udt:DateTimeString></ram:IssueDateTime></rsm:ExchangedDocument><rsm:SupplyChainTradeTransaction><ram:ApplicableHeaderTradeSettlement><ram:InvoiceCurrencyCode>EUR</ram:InvoiceCurrencyCode><ram:SpecifiedTradeSettlementHeaderMonetarySummation><ram:GrandTotalAmount>100.00</ram:GrandTotalAmount></ram:SpecifiedTradeSettlementHeaderMonetarySummation></ram:ApplicableHeaderTradeSettlement></rsm:SupplyChainTradeTransaction></rsm:CrossIndustryInvoice>"
FX-189117,Factur-X / ZUGFeRD,"<rsm:CrossIndustryInvoice xmlns:rsm=""urn:un:unece:uncefact:data:standard:CrossIndustryInvoice:100""><rsm:ExchangedDocument><ram:ID>FX-189117</ram:ID><ram:TypeCode>380</ram:TypeCode><ram:IssueDateTime><udt:DateTimeString format=""102"">20260101</udt:DateTimeString></ram:IssueDateTime></rsm:ExchangedDocument><rsm:SupplyChainTradeTransaction><ram:ApplicableHeaderTradeSettlement><ram:InvoiceCurrencyCode>EUR</ram:InvoiceCurrencyCode><ram:SpecifiedTradeSettlementHeaderMonetarySummation><ram:GrandTotalAmount>100.00</ram:GrandTotalAmount></ram:SpecifiedTradeSettlementHeaderMonetarySummation></ram:ApplicableHeaderTradeSettlement></rsm:SupplyChainTradeTransaction></rsm:CrossIndustryInvoice>"
FX-799882,Factur-X / ZUGFeRD,"<rsm:CrossIndustryInvoice xmlns:rsm=""urn:un:unece:uncefact:data:standard:CrossIndustryInvoice:100""><rsm:ExchangedDocument><ram:ID>FX-799882</ram:ID><ram:TypeCode>380</ram:TypeCode><ram:IssueDateTime><udt:DateTimeString format=""102"">20260101</udt:DateTimeString></ram:IssueDateTime></rsm:ExchangedDocument><rsm:SupplyChainTradeTransaction><ram:ApplicableHeaderTradeSettlement><ram:InvoiceCurrencyCode>EUR</ram:InvoiceCurrencyCode><ram:SpecifiedTradeSettlementHeaderMonetarySummation><ram:GrandTotalAmount>100.00</ram:GrandTotalAmount></ram:SpecifiedTradeSettlementHeaderMonetarySummation></ram:ApplicableHeaderTradeSettlement></rsm:SupplyChainTradeTransaction></rsm:CrossIndustryInvoice>"
FX-977508,Factur-X / ZUGFeRD,"<rsm:CrossIndustryInvoice xmlns:rsm=""urn:un:unece:uncefact:data:standard:CrossIndustryInvoice:100""><rsm:ExchangedDocument><ram:ID>FX-977508</ram:ID><ram:TypeCode>380</ram:TypeCode><ram:IssueDateTime><udt:DateTimeString format=""102"">20260101</udt:DateTimeString></ram:IssueDateTime></rsm:ExchangedDocument><rsm:SupplyChainTradeTransaction><ram:ApplicableHeaderTradeSettlement><ram:InvoiceCurrencyCode>EUR</ram:InvoiceCurrencyCode><ram:SpecifiedTradeSettlementHeaderMonetarySummation><ram:GrandTotalAmount>100.00</ram:GrandTotalAmount></ram:SpecifiedTradeSettlementHeaderMonetarySummation></ram:ApplicableHeaderTradeSettlement></rsm:SupplyChainTradeTransaction></rsm:CrossIndustryInvoice>"
FX-357368,Factur-X / ZUGFeRD,"<rsm:CrossIndustryInvoice xmlns:rsm=""urn:un:unece:uncefact:data:standard:CrossIndustryInvoice:100""><rsm:ExchangedDocument><ram:ID>FX-357368</ram:ID><ram:TypeCode>380</ram:TypeCode><ram:IssueDateTime><udt:DateTimeString format=""102"">20260101</udt:DateTimeString></ram:IssueDateTime></rsm:ExchangedDocument><rsm:SupplyChainTradeTransaction><ram:ApplicableHeaderTradeSettlement><ram:InvoiceCurrencyCode>EUR</ram:InvoiceCurrencyCode><ram:SpecifiedTradeSettlementHeaderMonetarySummation><ram:GrandTotalAmount>100.00</ram:GrandTotalAmount></ram:SpecifiedTradeSettlementHeaderMonetarySummation></ram:ApplicableHeaderTradeSettlement></rsm:SupplyChainTradeTransaction></rsm:CrossIndustryInvoice>"
FX-487563,Factur-X / ZUGFeRD,"<rsm:CrossIndustryInvoice xmlns:rsm=""urn:un:unece:uncefact:data:standard:CrossIndustryInvoice:100""><rsm:ExchangedDocument><ram:ID>FX-487563</ram:ID><ram:TypeCode>380</ram:TypeCode><ram:IssueDateTime><udt:DateTimeString format=""102"">20260101</udt:DateTimeString></ram:IssueDateTime></rsm:ExchangedDocument><rsm:SupplyChainTradeTransaction><ram:ApplicableHeaderTradeSettlement><ram:InvoiceCurrencyCode>EUR</ram:InvoiceCurrencyCode><ram:SpecifiedTradeSettlementHeaderMonetarySummation><ram:GrandTotalAmount>100.00</ram:GrandTotalAmount></ram:SpecifiedTradeSettlementHeaderMonetarySummation></ram:ApplicableHeaderTradeSettlement></rsm:SupplyChainTradeTransaction></rsm:CrossIndustryInvoice>"
FX-531138,Factur-X / ZUGFeRD,"<rsm:CrossIndustryInvoice xmlns:rsm=""urn:un:unece:uncefact:data:standard:CrossIndustryInvoice:100""><rsm:ExchangedDocument><ram:ID>FX-531138</ram:ID><ram:TypeCode>380</ram:TypeCode><ram:IssueDateTime><udt:DateTimeString format=""102"">20260101</udt:DateTimeString></ram:IssueDateTime></rsm:ExchangedDocument><rsm:SupplyChainTradeTransaction><ram:ApplicableHeaderTradeSettlement><ram:InvoiceCurrencyCode>EUR</ram:InvoiceCurrencyCode><ram:SpecifiedTradeSettlementHeaderMonetarySummation><ram:GrandTotalAmount>100.00</ram:GrandTotalAmount></ram:SpecifiedTradeSettlementHeaderMonetarySummation></ram:ApplicableHeaderTradeSettlement></rsm:SupplyChainTradeTransaction></rsm:CrossIndustryInvoice>"
FX-309046,Factur-X / ZUGFeRD,"<rsm:CrossIndustryInvoice xmlns:rsm=""urn:un:unece:uncefact:data:standard:CrossIndustryInvoice:100""><rsm:ExchangedDocument><ram:ID>FX-309046</ram:ID><ram:TypeCode>380</ram:TypeCode><ram:IssueDateTime><udt:DateTimeString format=""102"">20260101</udt:DateTimeString></ram:IssueDateTime></rsm:ExchangedDocument><rsm:SupplyChainTradeTransaction><ram:ApplicableHeaderTradeSettlement><ram:InvoiceCurrencyCode>EUR</ram:InvoiceCurrencyCode><ram:SpecifiedTradeSettlementHeaderMonetarySummation><ram:GrandTotalAmount>100.00</ram:GrandTotalAmount></ram:SpecifiedTradeSettlementHeaderMonetarySummation></ram:ApplicableHeaderTradeSettlement></rsm:SupplyChainTradeTransaction></rsm:CrossIndustryInvoice>"
FX-271249,Factur-X / ZUGFeRD,"<rsm:CrossIndustryInvoice xmlns:rsm=""urn:un:unece:uncefact:data:standard:CrossIndustryInvoice:100""><rsm:ExchangedDocument><ram:ID>FX-271249</ram:ID><ram:TypeCode>380</ram:TypeCode><ram:IssueDateTime><udt:DateTimeString format=""102"">20260101</udt:DateTimeString></ram:IssueDateTime></rsm:ExchangedDocument><rsm:SupplyChainTradeTransaction><ram:ApplicableHeaderTradeSettlement><ram:InvoiceCurrencyCode>EUR</ram:InvoiceCurrencyCode><ram:SpecifiedTradeSettlementHeaderMonetarySummation><ram:GrandTotalAmount>100.00</ram:GrandTotalAmount></ram:SpecifiedTradeSettlementHeaderMonetarySummation></ram:ApplicableHeaderTradeSettlement></rsm:SupplyChainTradeTransaction></rsm:CrossIndustryInvoice>"
FX-866935,Factur-X / ZUGFeRD,"<rsm:CrossIndustryInvoice xmlns:rsm=""urn:un:unece:uncefact:data:standard:CrossIndustryInvoice:100""><rsm:ExchangedDocument><ram:ID>FX-866935</ram:ID><ram:TypeCode>380</ram:TypeCode><ram:IssueDateTime><udt:DateTimeString format=""102"">20260101</udt:DateTimeString></ram:IssueDateTime></rsm:ExchangedDocument><rsm:SupplyChainTradeTransaction><ram:ApplicableHeaderTradeSettlement><ram:InvoiceCurrencyCode>EUR</ram:InvoiceCurrencyCode><ram:SpecifiedTradeSettlementHeaderMonetarySummation><ram:GrandTotalAmount>100.00</ram:GrandTotalAmount></ram:SpecifiedTradeSettlementHeaderMonetarySummation></ram:ApplicableHeaderTradeSettlement></rsm:SupplyChainTradeTransaction></rsm:CrossIndustryInvoice>"
FX-058883,Factur-X / ZUGFeRD,"<rsm:CrossIndustryInvoice xmlns:rsm=""urn:un:unece:uncefact:data:standard:CrossIndustryInvoice:100""><rsm:ExchangedDocument><ram:ID>FX-058883</ram:ID><ram:TypeCode>380</ram:TypeCode><ram:IssueDateTime><udt:DateTimeString format=""102"">20260101</udt:DateTimeString></ram:IssueDateTime></rsm:ExchangedDocument><rsm:SupplyChainTradeTransaction><ram:ApplicableHeaderTradeSettlement><ram:InvoiceCurrencyCode>EUR</ram:InvoiceCurrencyCode><ram:SpecifiedTradeSettlementHeaderMonetarySummation><ram:GrandTotalAmount>100.00</ram:GrandTotalAmount></ram:SpecifiedTradeSettlementHeaderMonetarySummation></ram:ApplicableHeaderTradeSettlement></rsm:SupplyChainTradeTransaction></rsm:CrossIndustryInvoice>"
FX-849491,Factur-X / ZUGFeRD,"<rsm:CrossIndustryInvoice xmlns:rsm=""urn:un:unece:uncefact:data:standard:CrossIndustryInvoice:100""><rsm:ExchangedDocument><ram:ID>FX-849491</ram:ID><ram:TypeCode>380</ram:TypeCode><ram:IssueDateTime><udt:DateTimeString format=""102"">20260101</udt:DateTimeString></ram:IssueDateTime></rsm:ExchangedDocument><rsm:SupplyChainTradeTransaction><ram:ApplicableHeaderTradeSettlement><ram:InvoiceCurrencyCode>EUR</ram:InvoiceCurrencyCode><ram:SpecifiedTradeSettlementHeaderMonetarySummation><ram:GrandTotalAmount>100.00</ram:GrandTotalAmount></ram:SpecifiedTradeSettlementHeaderMonetarySummation></ram:ApplicableHeaderTradeSettlement></rsm:SupplyChainTradeTransaction></rsm:CrossIndustryInvoice>"
FX-860648,Factur-X / ZUGFeRD,"<rsm:CrossIndustryInvoice xmlns:rsm=""urn:un:unece:uncefact:data:standard:CrossIndustryInvoice:100""><rsm:ExchangedDocument><ram:ID>FX-860648</ram:ID><ram:TypeCode>380</ram:TypeCode><ram:IssueDateTime><udt:DateTimeString format=""102"">20260101</udt:DateTimeString></ram:IssueDateTime></rsm:ExchangedDocument><rsm:SupplyChainTradeTransaction><ram:ApplicableHeaderTradeSettlement><ram:InvoiceCurrencyCode>EUR</ram:InvoiceCurrencyCode><ram:SpecifiedTradeSettlementHeaderMonetarySummation><ram:GrandTotalAmount>100.00</ram:GrandTotalAmount></ram:SpecifiedTradeSettlementHeaderMonetarySummation></ram:ApplicableHeaderTradeSettlement></rsm:SupplyChainTradeTransaction></rsm:CrossIndustryInvoice>"
FX-279007,Factur-X / ZUGFeRD,"<rsm:CrossIndustryInvoice xmlns:rsm=""urn:un:unece:uncefact:data:standard:CrossIndustryInvoice:100""><rsm:ExchangedDocument><ram:ID>FX-279007</ram:ID><ram:TypeCode>380</ram:TypeCode><ram:IssueDateTime><udt:DateTimeString format=""102"">20260101</udt:DateTimeString></ram:IssueDateTime></rsm:ExchangedDocument><rsm:SupplyChainTradeTransaction><ram:ApplicableHeaderTradeSettlement><ram:InvoiceCurrencyCode>EUR</ram:InvoiceCurrencyCode><ram:SpecifiedTradeSettlementHeaderMonetarySummation><ram:GrandTotalAmount>100.00</ram:GrandTotalAmount></ram:SpecifiedTradeSettlementHeaderMonetarySummation></ram:ApplicableHeaderTradeSettlement></rsm:SupplyChainTradeTransaction></rsm:CrossIndustryInvoice>"
FX-133987,Factur-X / ZUGFeRD,"<rsm:CrossIndustryInvoice xmlns:rsm=""urn:un:unece:uncefact:data:standard:CrossIndustryInvoice:100""><rsm:ExchangedDocument><ram:ID>FX-133987</ram:ID><ram:TypeCode>380</ram:TypeCode><ram:IssueDateTime><udt:DateTimeString format=""102"">20260101</udt:DateTimeString></ram:IssueDateTime></rsm:ExchangedDocument><rsm:SupplyChainTradeTransaction><ram:ApplicableHeaderTradeSettlement><ram:InvoiceCurrencyCode>EUR</ram:InvoiceCurrencyCode><ram:SpecifiedTradeSettlementHeaderMonetarySummation><ram:GrandTotalAmount>100.00</ram:GrandTotalAmount></ram:SpecifiedTradeSettlementHeaderMonetarySummation></ram:ApplicableHeaderTradeSettlement></rsm:SupplyChainTradeTransaction></rsm:CrossIndustryInvoice>"
FX-867313,Factur-X / ZUGFeRD,"<rsm:CrossIndustryInvoice xmlns:rsm=""urn:un:unece:uncefact:data:standard:CrossIndustryInvoice:100""><rsm:ExchangedDocument><ram:ID>FX-867313</ram:ID><ram:TypeCode>380</ram:TypeCode><ram:IssueDateTime><udt:DateTimeString format=""102"">20260101</udt:DateTimeString></ram:IssueDateTime></rsm:ExchangedDocument><rsm:SupplyChainTradeTransaction><ram:ApplicableHeaderTradeSettlement><ram:InvoiceCurrencyCode>EUR</ram:InvoiceCurrencyCode><ram:SpecifiedTradeSettlementHeaderMonetarySummation><ram:GrandTotalAmount>100.00</ram:GrandTotalAmount></ram:SpecifiedTradeSettlementHeaderMonetarySummation></ram:ApplicableHeaderTradeSettlement></rsm:SupplyChainTradeTransaction></rsm:CrossIndustryInvoice>"
FX-531943,Factur-X / ZUGFeRD,"<rsm:CrossIndustryInvoice xmlns:rsm=""urn:un:unece:uncefact:data:standard:CrossIndustryInvoice:100""><rsm:ExchangedDocument><ram:ID>FX-531943</ram:ID><ram:TypeCode>380</ram:TypeCode><ram:IssueDateTime><udt:DateTimeString format=""102"">20260101</udt:DateTimeString></ram:IssueDateTime></rsm:ExchangedDocument><rsm:SupplyChainTradeTransaction><ram:ApplicableHeaderTradeSettlement><ram:InvoiceCurrencyCode>EUR</ram:InvoiceCurrencyCode><ram:SpecifiedTradeSettlementHeaderMonetarySummation><ram:GrandTotalAmount>100.00</ram:GrandTotalAmount></ram:SpecifiedTradeSettlementHeaderMonetarySummation></ram:ApplicableHeaderTradeSettlement></rsm:SupplyChainTradeTransaction></rsm:CrossIndustryInvoice>"
FX-499368,Factur-X / ZUGFeRD,"<rsm:CrossIndustryInvoice xmlns:rsm=""urn:un:unece:uncefact:data:standard:CrossIndustryInvoice:100""><rsm:ExchangedDocument><ram:ID>FX-499368</ram:ID><ram:TypeCode>380</ram:TypeCode><ram:IssueDateTime><udt:DateTimeString format=""102"">20260101</udt:DateTimeString></ram:IssueDateTime></rsm:ExchangedDocument><rsm:SupplyChainTradeTransaction><ram:ApplicableHeaderTradeSettlement><ram:InvoiceCurrencyCode>EUR</ram:InvoiceCurrencyCode><ram:SpecifiedTradeSettlementHeaderMonetarySummation><ram:GrandTotalAmount>100.00</ram:GrandTotalAmount></ram:SpecifiedTradeSettlementHeaderMonetarySummation></ram:ApplicableHeaderTradeSettlement></rsm:SupplyChainTradeTransaction></rsm:CrossIndustryInvoice>"
FX-725979,Factur-X / ZUGFeRD,"<rsm:CrossIndustryInvoice xmlns:rsm=""urn:un:unece:uncefact:data:standard:CrossIndustryInvoice:100""><rsm:ExchangedDocument><ram:ID>FX-725979</ram:ID><ram:TypeCode>380</ram:TypeCode><ram:IssueDateTime><udt:DateTimeString format=""102"">20260101</udt:DateTimeString></ram:IssueDateTime></rsm:ExchangedDocument><rsm:SupplyChainTradeTransaction><ram:ApplicableHeaderTradeSettlement><ram:InvoiceCurrencyCode>EUR</ram:InvoiceCurrencyCode><ram:SpecifiedTradeSettlementHeaderMonetarySummation><ram:GrandTotalAmount>100.00</ram:GrandTotalAmount></ram:SpecifiedTradeSettlementHeaderMonetarySummation></ram:ApplicableHeaderTradeSettlement></rsm:SupplyChainTradeTransaction></rsm:CrossIndustryInvoice>"
FX-008335,Factur-X / ZUGFeRD,"<rsm:CrossIndustryInvoice xmlns:rsm=""urn:un:unece:uncefact:data:standard:CrossIndustryInvoice:100""><rsm:ExchangedDocument><ram:ID>FX-008335</ram:ID><ram:TypeCode>380</ram:TypeCode><ram:IssueDateTime><udt:DateTimeString format=""102"">20260101</udt:DateTimeString></ram:IssueDateTime></rsm:ExchangedDocument><rsm:SupplyChainTradeTransaction><ram:ApplicableHeaderTradeSettlement><ram:InvoiceCurrencyCode>EUR</ram:InvoiceCurrencyCode><ram:SpecifiedTradeSettlementHeaderMonetarySummation><ram:GrandTotalAmount>100.00</ram:GrandTotalAmount></ram:SpecifiedTradeSettlementHeaderMonetarySummation></ram:ApplicableHeaderTradeSettlement></rsm:SupplyChainTradeTransaction></rsm:CrossIndustryInvoice>"
FX-758336,Factur-X / ZUGFeRD,"<rsm:CrossIndustryInvoice xmlns:rsm=""urn:un:unece:uncefact:data:standard:CrossIndustryInvoice:100""><rsm:ExchangedDocument><ram:ID>FX-758336</ram:ID><ram:TypeCode>380</ram:TypeCode><ram:IssueDateTime><udt:DateTimeString format=""102"">20260101</udt:DateTimeString></ram:IssueDateTime></rsm:ExchangedDocument><rsm:SupplyChainTradeTransaction><ram:ApplicableHeaderTradeSettlement><ram:InvoiceCurrencyCode>EUR</ram:InvoiceCurrencyCode><ram:SpecifiedTradeSettlementHeaderMonetarySummation><ram:GrandTotalAmount>100.00</ram:GrandTotalAmount></ram:SpecifiedTradeSettlementHeaderMonetarySummation></ram:ApplicableHeaderTradeSettlement></rsm:SupplyChainTradeTransaction></rsm:CrossIndustryInvoice>"
FX-951721,Factur-X / ZUGFeRD,"<rsm:CrossIndustryInvoice xmlns:rsm=""urn:un:unece:uncefact:data:standard:CrossIndustryInvoice:100""><rsm:ExchangedDocument><ram:ID>FX-951721</ram:ID><ram:TypeCode>380</ram:TypeCode><ram:IssueDateTime><udt:DateTimeString format=""102"">20260101</udt:DateTimeString></ram:IssueDateTime></rsm:ExchangedDocument><rsm:SupplyChainTradeTransaction><ram:ApplicableHeaderTradeSettlement><ram:InvoiceCurrencyCode>EUR</ram:InvoiceCurrencyCode><ram:SpecifiedTradeSettlementHeaderMonetarySummation><ram:GrandTotalAmount>100.00</ram:GrandTotalAmount></ram:SpecifiedTradeSettlementHeaderMonetarySummation></ram:ApplicableHeaderTradeSettlement></rsm:SupplyChainTradeTransaction></rsm:CrossIndustryInvoice>"
FX-767171,Factur-X / ZUGFeRD,"<rsm:CrossIndustryInvoice xmlns:rsm=""urn:un:unece:uncefact:data:standard:CrossIndustryInvoice:100""><rsm:ExchangedDocument><ram:ID>FX-767171</ram:ID><ram:TypeCode>380</ram:TypeCode><ram:IssueDateTime><udt:DateTimeString format=""102"">20260101</udt:DateTimeString></ram:IssueDateTime></rsm:ExchangedDocument><rsm:SupplyChainTradeTransaction><ram:ApplicableHeaderTradeSettlement><ram:InvoiceCurrencyCode>EUR</ram:InvoiceCurrencyCode><ram:SpecifiedTradeSettlementHeaderMonetarySummation><ram:GrandTotalAmount>100.00</ram:GrandTotalAmount></ram:SpecifiedTradeSettlementHeaderMonetarySummation></ram:ApplicableHeaderTradeSettlement></rsm:SupplyChainTradeTransaction></rsm:CrossIndustryInvoice>"
FX-531147,Factur-X / ZUGFeRD,"<rsm:CrossIndustryInvoice xmlns:rsm=""urn:un:unece:uncefact:data:standard:CrossIndustryInvoice:100""><rsm:ExchangedDocument><ram:ID>FX-531147</ram:ID><ram:TypeCode>380</ram:TypeCode><ram:IssueDateTime><udt:DateTimeString format=""102"">20260101</udt:DateTimeString></ram:IssueDateTime></rsm:ExchangedDocument><rsm:SupplyChainTradeTransaction><ram:ApplicableHeaderTradeSettlement><ram:InvoiceCurrencyCode>EUR</ram:InvoiceCurrencyCode><ram:SpecifiedTradeSettlementHeaderMonetarySummation><ram:GrandTotalAmount>100.00</ram:GrandTotalAmount></ram:SpecifiedTradeSettlementHeaderMonetarySummation></ram:ApplicableHeaderTradeSettlement></rsm:SupplyChainTradeTransaction></rsm:CrossIndustryInvoice>"
FX-925561,Factur-X / ZUGFeRD,"<rsm:CrossIndustryInvoice xmlns:rsm=""urn:un:unece:uncefact:data:standard:CrossIndustryInvoice:100""><rsm:ExchangedDocument><ram:ID>FX-925561</ram:ID><ram:TypeCode>380</ram:TypeCode><ram:IssueDateTime><udt:DateTimeString format=""102"">20260101</udt:DateTimeString></ram:IssueDateTime></rsm:ExchangedDocument><rsm:SupplyChainTradeTransaction><ram:ApplicableHeaderTradeSettlement><ram:InvoiceCurrencyCode>EUR</ram:InvoiceCurrencyCode><ram:SpecifiedTradeSettlementHeaderMonetarySummation><ram:GrandTotalAmount>100.00</ram:GrandTotalAmount></ram:SpecifiedTradeSettlementHeaderMonetarySummation></ram:ApplicableHeaderTradeSettlement></rsm:SupplyChainTradeTransaction></rsm:CrossIndustryInvoice>"
FX-871936,Factur-X / ZUGFeRD,"<rsm:CrossIndustryInvoice xmlns:rsm=""urn:un:unece:uncefact:data:standard:CrossIndustryInvoice:100""><rsm:ExchangedDocument><ram:ID>FX-871936</ram:ID><ram:TypeCode>380</ram:TypeCode><ram:IssueDateTime><udt:DateTimeString format=""102"">20260101</udt:DateTimeString></ram:IssueDateTime></rsm:ExchangedDocument><rsm:SupplyChainTradeTransaction><ram:ApplicableHeaderTradeSettlement><ram:InvoiceCurrencyCode>EUR</ram:InvoiceCurrencyCode><ram:SpecifiedTradeSettlementHeaderMonetarySummation><ram:GrandTotalAmount>100.00</ram:GrandTotalAmount></ram:SpecifiedTradeSettlementHeaderMonetarySummation></ram:ApplicableHeaderTradeSettlement></rsm:SupplyChainTradeTransaction></rsm:CrossIndustryInvoice>"
FX-469867,Factur-X / ZUGFeRD,"<rsm:CrossIndustryInvoice xmlns:rsm=""urn:un:unece:uncefact:data:standard:CrossIndustryInvoice:100""><rsm:ExchangedDocument><ram:ID>FX-469867</ram:ID><ram:TypeCode>380</ram:TypeCode><ram:IssueDateTime><udt:DateTimeString format=""102"">20260101</udt:DateTimeString></ram:IssueDateTime></rsm:ExchangedDocument><rsm:SupplyChainTradeTransaction><ram:ApplicableHeaderTradeSettlement><ram:InvoiceCurrencyCode>EUR</ram:InvoiceCurrencyCode><ram:SpecifiedTradeSettlementHeaderMonetarySummation><ram:GrandTotalAmount>100.00</ram:GrandTotalAmount></ram:SpecifiedTradeSettlementHeaderMonetarySummation></ram:ApplicableHeaderTradeSettlement></rsm:SupplyChainTradeTransaction></rsm:CrossIndustryInvoice>"
FX-429300,Factur-X / ZUGFeRD,"<rsm:CrossIndustryInvoice xmlns:rsm=""urn:un:unece:uncefact:data:standard:CrossIndustryInvoice:100""><rsm:ExchangedDocument><ram:ID>FX-429300</ram:ID><ram:TypeCode>380</ram:TypeCode><ram:IssueDateTime><udt:DateTimeString format=""102"">20260101</udt:DateTimeString></ram:IssueDateTime></rsm:ExchangedDocument><rsm:SupplyChainTradeTransaction><ram:ApplicableHeaderTradeSettlement><ram:InvoiceCurrencyCode>EUR</ram:InvoiceCurrencyCode><ram:SpecifiedTradeSettlementHeaderMonetarySummation><ram:GrandTotalAmount>100.00</ram:GrandTotalAmount></ram:SpecifiedTradeSettlementHeaderMonetarySummation></ram:ApplicableHeaderTradeSettlement></rsm:SupplyChainTradeTransaction></rsm:CrossIndustryInvoice>"
FX-844706,Factur-X / ZUGFeRD,"<rsm:CrossIndustryInvoice xmlns:rsm=""urn:un:unece:uncefact:data:standard:CrossIndustryInvoice:100""><rsm:ExchangedDocument><ram:ID>FX-844706</ram:ID><ram:TypeCode>380</ram:TypeCode><ram:IssueDateTime><udt:DateTimeString format=""102"">20260101</udt:DateTimeString></ram:IssueDateTime></rsm:ExchangedDocument><rsm:SupplyChainTradeTransaction><ram:ApplicableHeaderTradeSettlement><ram:InvoiceCurrencyCode>EUR</ram:InvoiceCurrencyCode><ram:SpecifiedTradeSettlementHeaderMonetarySummation><ram:GrandTotalAmount>100.00</ram:GrandTotalAmount></ram:SpecifiedTradeSettlementHeaderMonetarySummation></ram:ApplicableHeaderTradeSettlement></rsm:SupplyChainTradeTransaction></rsm:CrossIndustryInvoice>"
FX-782820,Factur-X / ZUGFeRD,"<rsm:CrossIndustryInvoice xmlns:rsm=""urn:un:unece:uncefact:data:standard:CrossIndustryInvoice:100""><rsm:ExchangedDocument><ram:ID>FX-782820</ram:ID><ram:TypeCode>380</ram:TypeCode><ram:IssueDateTime><udt:DateTimeString format=""102"">20260101</udt:DateTimeString></ram:IssueDateTime></rsm:ExchangedDocument><rsm:SupplyChainTradeTransaction><ram:ApplicableHeaderTradeSettlement><ram:InvoiceCurrencyCode>EUR</ram:InvoiceCurrencyCode><ram:SpecifiedTradeSettlementHeaderMonetarySummation><ram:GrandTotalAmount>100.00</ram:GrandTotalAmount></ram:SpecifiedTradeSettlementHeaderMonetarySummation></ram:ApplicableHeaderTradeSettlement></rsm:SupplyChainTradeTransaction></rsm:CrossIndustryInvoice>"
FX-155012,Factur-X / ZUGFeRD,"<rsm:CrossIndustryInvoice xmlns:rsm=""urn:un:unece:uncefact:data:standard:CrossIndustryInvoice:100""><rsm:ExchangedDocument><ram:ID>FX-155012</ram:ID><ram:TypeCode>380</ram:TypeCode><ram:IssueDateTime><udt:DateTimeString format=""102"">20260101</udt:DateTimeString></ram:IssueDateTime></rsm:ExchangedDocument><rsm:SupplyChainTradeTransaction><ram:ApplicableHeaderTradeSettlement><ram:InvoiceCurrencyCode>EUR</ram:InvoiceCurrencyCode><ram:SpecifiedTradeSettlementHeaderMonetarySummation><ram:GrandTotalAmount>100.00</ram:GrandTotalAmount></ram:SpecifiedTradeSettlementHeaderMonetarySummation></ram:ApplicableHeaderTradeSettlement></rsm:SupplyChainTradeTransaction></rsm:CrossIndustryInvoice>"
FX-410893,Factur-X / ZUGFeRD,"<rsm:CrossIndustryInvoice xmlns:rsm=""urn:un:unece:uncefact:data:standard:CrossIndustryInvoice:100""><rsm:ExchangedDocument><ram:ID>FX-410893</ram:ID><ram:TypeCode>380</ram:TypeCode><ram:IssueDateTime><udt:DateTimeString format=""102"">20260101</udt:DateTimeString></ram:IssueDateTime></rsm:ExchangedDocument><rsm:SupplyChainTradeTransaction><ram:ApplicableHeaderTradeSettlement><ram:InvoiceCurrencyCode>EUR</ram:InvoiceCurrencyCode><ram:SpecifiedTradeSettlementHeaderMonetarySummation><ram:GrandTotalAmount>100.00</ram:GrandTotalAmount></ram:SpecifiedTradeSettlementHeaderMonetarySummation></ram:ApplicableHeaderTradeSettlement></rsm:SupplyChainTradeTransaction></rsm:CrossIndustryInvoice>"
FX-576604,Factur-X / ZUGFeRD,"<rsm:CrossIndustryInvoice xmlns:rsm=""urn:un:unece:uncefact:data:standard:CrossIndustryInvoice:100""><rsm:ExchangedDocument><ram:ID>FX-576604</ram:ID><ram:TypeCode>380</ram:TypeCode><ram:IssueDateTime><udt:DateTimeString format=""102"">20260101</udt:DateTimeString></ram:IssueDateTime></rsm:ExchangedDocument><rsm:SupplyChainTradeTransaction><ram:ApplicableHeaderTradeSettlement><ram:InvoiceCurrencyCode>EUR</ram:InvoiceCurrencyCode><ram:SpecifiedTradeSettlementHeaderMonetarySummation><ram:GrandTotalAmount>100.00</ram:GrandTotalAmount></ram:SpecifiedTradeSettlementHeaderMonetarySummation></ram:ApplicableHeaderTradeSettlement></rsm:SupplyChainTradeTransaction></rsm:CrossIndustryInvoice>"
FX-458191,Factur-X / ZUGFeRD,"<rsm:CrossIndustryInvoice xmlns:rsm=""urn:un:unece:uncefact:data:standard:CrossIndustryInvoice:100""><rsm:ExchangedDocument><ram:ID>FX-458191</ram:ID><ram:TypeCode>380</ram:TypeCode><ram:IssueDateTime><udt:DateTimeString format=""102"">20260101</udt:DateTimeString></ram:IssueDateTime></rsm:ExchangedDocument><rsm:SupplyChainTradeTransaction><ram:ApplicableHeaderTradeSettlement><ram:InvoiceCurrencyCode>EUR</ram:InvoiceCurrencyCode><ram:SpecifiedTradeSettlementHeaderMonetarySummation><ram:GrandTotalAmount>100.00</ram:GrandTotalAmount></ram:SpecifiedTradeSettlementHeaderMonetarySummation></ram:ApplicableHeaderTradeSettlement></rsm:SupplyChainTradeTransaction></rsm:CrossIndustryInvoice>"
FX-194432,Factur-X / ZUGFeRD,"<rsm:CrossIndustryInvoice xmlns:rsm=""urn:un:unece:uncefact:data:standard:CrossIndustryInvoice:100""><rsm:ExchangedDocument><ram:ID>FX-194432</ram:ID><ram:TypeCode>380</ram:TypeCode><ram:IssueDateTime><udt:DateTimeString format=""102"">20260101</udt:DateTimeString></ram:IssueDateTime></rsm:ExchangedDocument><rsm:SupplyChainTradeTransaction><ram:ApplicableHeaderTradeSettlement><ram:InvoiceCurrencyCode>EUR</ram:InvoiceCurrencyCode><ram:SpecifiedTradeSettlementHeaderMonetarySummation><ram:GrandTotalAmount>100.00</ram:GrandTotalAmount></ram:SpecifiedTradeSettlementHeaderMonetarySummation></ram:ApplicableHeaderTradeSettlement></rsm:SupplyChainTradeTransaction></rsm:CrossIndustryInvoice>"
FX-300927,Factur-X / ZUGFeRD,"<rsm:CrossIndustryInvoice xmlns:rsm=""urn:un:unece:uncefact:data:standard:CrossIndustryInvoice:100""><rsm:ExchangedDocument><ram:ID>FX-300927</ram:ID><ram:TypeCode>380</ram:TypeCode><ram:IssueDateTime><udt:DateTimeString format=""102"">20260101</udt:DateTimeString></ram:IssueDateTime></rsm:ExchangedDocument><rsm:SupplyChainTradeTransaction><ram:ApplicableHeaderTradeSettlement><ram:InvoiceCurrencyCode>EUR</ram:InvoiceCurrencyCode><ram:SpecifiedTradeSettlementHeaderMonetarySummation><ram:GrandTotalAmount>100.00</ram:GrandTotalAmount></ram:SpecifiedTradeSettlementHeaderMonetarySummation></ram:ApplicableHeaderTradeSettlement></rsm:SupplyChainTradeTransaction></rsm:CrossIndustryInvoice>"
FX-129669,Factur-X / ZUGFeRD,"<rsm:CrossIndustryInvoice xmlns:rsm=""urn:un:unece:uncefact:data:standard:CrossIndustryInvoice:100""><rsm:ExchangedDocument><ram:ID>FX-129669</ram:ID><ram:TypeCode>380</ram:TypeCode><ram:IssueDateTime><udt:DateTimeString format=""102"">20260101</udt:DateTimeString></ram:IssueDateTime></rsm:ExchangedDocument><rsm:SupplyChainTradeTransaction><ram:ApplicableHeaderTradeSettlement><ram:InvoiceCurrencyCode>EUR</ram:InvoiceCurrencyCode><ram:SpecifiedTradeSettlementHeaderMonetarySummation><ram:GrandTotalAmount>100.00</ram:GrandTotalAmount></ram:SpecifiedTradeSettlementHeaderMonetarySummation></ram:ApplicableHeaderTradeSettlement></rsm:SupplyChainTradeTransaction></rsm:CrossIndustryInvoice>"
FX-056917,Factur-X / ZUGFeRD,"<rsm:CrossIndustryInvoice xmlns:rsm=""urn:un:unece:uncefact:data:standard:CrossIndustryInvoice:100""><rsm:ExchangedDocument><ram:ID>FX-056917</ram:ID><ram:TypeCode>380</ram:TypeCode><ram:IssueDateTime><udt:DateTimeString format=""102"">20260101</udt:DateTimeString></ram:IssueDateTime></rsm:ExchangedDocument><rsm:SupplyChainTradeTransaction><ram:ApplicableHeaderTradeSettlement><ram:InvoiceCurrencyCode>EUR</ram:InvoiceCurrencyCode><ram:SpecifiedTradeSettlementHeaderMonetarySummation><ram:GrandTotalAmount>100.00</ram:GrandTotalAmount></ram:SpecifiedTradeSettlementHeaderMonetarySummation></ram:ApplicableHeaderTradeSettlement></rsm:SupplyChainTradeTransaction></rsm:CrossIndustryInvoice>"
FX-531398,Factur-X / ZUGFeRD,"<rsm:CrossIndustryInvoice xmlns:rsm=""urn:un:unece:uncefact:data:standard:CrossIndustryInvoice:100""><rsm:ExchangedDocument><ram:ID>FX-531398</ram:ID><ram:TypeCode>380</ram:TypeCode><ram:IssueDateTime><udt:DateTimeString format=""102"">20260101</udt:DateTimeString></ram:IssueDateTime></rsm:ExchangedDocument><rsm:SupplyChainTradeTransaction><ram:ApplicableHeaderTradeSettlement><ram:InvoiceCurrencyCode>EUR</ram:InvoiceCurrencyCode><ram:SpecifiedTradeSettlementHeaderMonetarySummation><ram:GrandTotalAmount>100.00</ram:GrandTotalAmount></ram:SpecifiedTradeSettlementHeaderMonetarySummation></ram:ApplicableHeaderTradeSettlement></rsm:SupplyChainTradeTransaction></rsm:CrossIndustryInvoice>"
FX-660383,Factur-X / ZUGFeRD,"<rsm:CrossIndustryInvoice xmlns:rsm=""urn:un:unece:uncefact:data:standard:CrossIndustryInvoice:100""><rsm:ExchangedDocument><ram:ID>FX-660383</ram:ID><ram:TypeCode>380</ram:TypeCode><ram:IssueDateTime><udt:DateTimeString format=""102"">20260101</udt:DateTimeString></ram:IssueDateTime></rsm:ExchangedDocument><rsm:SupplyChainTradeTransaction><ram:ApplicableHeaderTradeSettlement><ram:InvoiceCurrencyCode>EUR</ram:InvoiceCurrencyCode><ram:SpecifiedTradeSettlementHeaderMonetarySummation><ram:GrandTotalAmount>100.00</ram:GrandTotalAmount></ram:SpecifiedTradeSettlementHeaderMonetarySummation></ram:ApplicableHeaderTradeSettlement></rsm:SupplyChainTradeTransaction></rsm:CrossIndustryInvoice>"
FX-823740,Factur-X / ZUGFeRD,"<rsm:CrossIndustryInvoice xmlns:rsm=""urn:un:unece:uncefact:data:standard:CrossIndustryInvoice:100""><rsm:ExchangedDocument><ram:ID>FX-823740</ram:ID><ram:TypeCode>380</ram:TypeCode><ram:IssueDateTime><udt:DateTimeString format=""102"">20260101</udt:DateTimeString></ram:IssueDateTime></rsm:ExchangedDocument><rsm:SupplyChainTradeTransaction><ram:ApplicableHeaderTradeSettlement><ram:InvoiceCurrencyCode>EUR</ram:InvoiceCurrencyCode><ram:SpecifiedTradeSettlementHeaderMonetarySummation><ram:GrandTotalAmount>100.00</ram:GrandTotalAmount></ram:SpecifiedTradeSettlementHeaderMonetarySummation></ram:ApplicableHeaderTradeSettlement></rsm:SupplyChainTradeTransaction></rsm:CrossIndustryInvoice>"
FX-067246,Factur-X / ZUGFeRD,"<rsm:CrossIndustryInvoice xmlns:rsm=""urn:un:unece:uncefact:data:standard:CrossIndustryInvoice:100""><rsm:ExchangedDocument><ram:ID>FX-067246</ram:ID><ram:TypeCode>380</ram:TypeCode><ram:IssueDateTime><udt:DateTimeString format=""102"">20260101</udt:DateTimeString></ram:IssueDateTime></rsm:ExchangedDocument><rsm:SupplyChainTradeTransaction><ram:ApplicableHeaderTradeSettlement><ram:InvoiceCurrencyCode>EUR</ram:InvoiceCurrencyCode><ram:SpecifiedTradeSettlementHeaderMonetarySummation><ram:GrandTotalAmount>100.00</ram:GrandTotalAmount></ram:SpecifiedTradeSettlementHeaderMonetarySummation></ram:ApplicableHeaderTradeSettlement></rsm:SupplyChainTradeTransaction></rsm:CrossIndustryInvoice>"
FX-124830,Factur-X / ZUGFeRD,"<rsm:CrossIndustryInvoice xmlns:rsm=""urn:un:unece:uncefact:data:standard:CrossIndustryInvoice:100""><rsm:ExchangedDocument><ram:ID>FX-124830</ram:ID><ram:TypeCode>380</ram:TypeCode><ram:IssueDateTime><udt:DateTimeString format=""102"">20260101</udt:DateTimeString></ram:IssueDateTime></rsm:ExchangedDocument><rsm:SupplyChainTradeTransaction><ram:ApplicableHeaderTradeSettlement><ram:InvoiceCurrencyCode>EUR</ram:InvoiceCurrencyCode><ram:SpecifiedTradeSettlementHeaderMonetarySummation><ram:GrandTotalAmount>100.00</ram:GrandTotalAmount></ram:SpecifiedTradeSettlementHeaderMonetarySummation></ram:ApplicableHeaderTradeSettlement></rsm:SupplyChainTradeTransaction></rsm:CrossIndustryInvoice>"
FX-661873,Factur-X / ZUGFeRD,"<rsm:CrossIndustryInvoice xmlns:rsm=""urn:un:unece:uncefact:data:standard:CrossIndustryInvoice:100""><rsm:ExchangedDocument><ram:ID>FX-661873</ram:ID><ram:TypeCode>380</ram:TypeCode><ram:IssueDateTime><udt:DateTimeString format=""102"">20260101</udt:DateTimeString></ram:IssueDateTime></rsm:ExchangedDocument><rsm:SupplyChainTradeTransaction><ram:ApplicableHeaderTradeSettlement><ram:InvoiceCurrencyCode>EUR</ram:InvoiceCurrencyCode><ram:SpecifiedTradeSettlementHeaderMonetarySummation><ram:GrandTotalAmount>100.00</ram:GrandTotalAmount></ram:SpecifiedTradeSettlementHeaderMonetarySummation></ram:ApplicableHeaderTradeSettlement></rsm:SupplyChainTradeTransaction></rsm:CrossIndustryInvoice>"
FX-330877,Factur-X / ZUGFeRD,"<rsm:CrossIndustryInvoice xmlns:rsm=""urn:un:unece:uncefact:data:standard:CrossIndustryInvoice:100""><rsm:ExchangedDocument><ram:ID>FX-330877</ram:ID><ram:TypeCode>380</ram:TypeCode><ram:IssueDateTime><udt:DateTimeString format=""102"">20260101</udt:DateTimeString></ram:IssueDateTime></rsm:ExchangedDocument><rsm:SupplyChainTradeTransaction><ram:ApplicableHeaderTradeSettlement><ram:InvoiceCurrencyCode>EUR</ram:InvoiceCurrencyCode><ram:SpecifiedTradeSettlementHeaderMonetarySummation><ram:GrandTotalAmount>100.00</ram:GrandTotalAmount></ram:SpecifiedTradeSettlementHeaderMonetarySummation></ram:ApplicableHeaderTradeSettlement></rsm:SupplyChainTradeTransaction></rsm:CrossIndustryInvoice>"
FX-713913,Factur-X / ZUGFeRD,"<rsm:CrossIndustryInvoice xmlns:rsm=""urn:un:unece:uncefact:data:standard:CrossIndustryInvoice:100""><rsm:ExchangedDocument><ram:ID>FX-713913</ram:ID><ram:TypeCode>380</ram:TypeCode><ram:IssueDateTime><udt:DateTimeString format=""102"">20260101</udt:DateTimeString></ram:IssueDateTime></rsm:ExchangedDocument><rsm:SupplyChainTradeTransaction><ram:ApplicableHeaderTradeSettlement><ram:InvoiceCurrencyCode>EUR</ram:InvoiceCurrencyCode><ram:SpecifiedTradeSettlementHeaderMonetarySummation><ram:GrandTotalAmount>100.00</ram:GrandTotalAmount></ram:SpecifiedTradeSettlementHeaderMonetarySummation></ram:ApplicableHeaderTradeSettlement></rsm:SupplyChainTradeTransaction></rsm:CrossIndustryInvoice>"
FX-705817,Factur-X / ZUGFeRD,"<rsm:CrossIndustryInvoice xmlns:rsm=""urn:un:unece:uncefact:data:standard:CrossIndustryInvoice:100""><rsm:ExchangedDocument><ram:ID>FX-705817</ram:ID><ram:TypeCode>380</ram:TypeCode><ram:IssueDateTime><udt:DateTimeString format=""102"">20260101</udt:DateTimeString></ram:IssueDateTime></rsm:ExchangedDocument><rsm:SupplyChainTradeTransaction><ram:ApplicableHeaderTradeSettlement><ram:InvoiceCurrencyCode>EUR</ram:InvoiceCurrencyCode><ram:SpecifiedTradeSettlementHeaderMonetarySummation><ram:GrandTotalAmount>100.00</ram:GrandTotalAmount></ram:SpecifiedTradeSettlementHeaderMonetarySummation></ram:ApplicableHeaderTradeSettlement></rsm:SupplyChainTradeTransaction></rsm:CrossIndustryInvoice>"
FX-614791,Factur-X / ZUGFeRD,"<rsm:CrossIndustryInvoice xmlns:rsm=""urn:un:unece:uncefact:data:standard:CrossIndustryInvoice:100""><rsm:ExchangedDocument><ram:ID>FX-614791</ram:ID><ram:TypeCode>380</ram:TypeCode><ram:IssueDateTime><udt:DateTimeString format=""102"">20260101</udt:DateTimeString></ram:IssueDateTime></rsm:ExchangedDocument><rsm:SupplyChainTradeTransaction><ram:ApplicableHeaderTradeSettlement><ram:InvoiceCurrencyCode>EUR</ram:InvoiceCurrencyCode><ram:SpecifiedTradeSettlementHeaderMonetarySummation><ram:GrandTotalAmount>100.00</ram:GrandTotalAmount></ram:SpecifiedTradeSettlementHeaderMonetarySummation></ram:ApplicableHeaderTradeSettlement></rsm:SupplyChainTradeTransaction></rsm:CrossIndustryInvoice>"
FX-407428,Factur-X / ZUGFeRD,"<rsm:CrossIndustryInvoice xmlns:rsm=""urn:un:unece:uncefact:data:standard:CrossIndustryInvoice:100""><rsm:ExchangedDocument><ram:ID>FX-407428</ram:ID><ram:TypeCode>380</ram:TypeCode><ram:IssueDateTime><udt:DateTimeString format=""102"">20260101</udt:DateTimeString></ram:IssueDateTime></rsm:ExchangedDocument><rsm:SupplyChainTradeTransaction><ram:ApplicableHeaderTradeSettlement><ram:InvoiceCurrencyCode>EUR</ram:InvoiceCurrencyCode><ram:SpecifiedTradeSettlementHeaderMonetarySummation><ram:GrandTotalAmount>100.00</ram:GrandTotalAmount></ram:SpecifiedTradeSettlementHeaderMonetarySummation></ram:ApplicableHeaderTradeSettlement></rsm:SupplyChainTradeTransaction></rsm:CrossIndustryInvoice>"
FX-695074,Factur-X / ZUGFeRD,"<rsm:CrossIndustryInvoice xmlns:rsm=""urn:un:unece:uncefact:data:standard:CrossIndustryInvoice:100""><rsm:ExchangedDocument><ram:ID>FX-695074</ram:ID><ram:TypeCode>380</ram:TypeCode><ram:IssueDateTime><udt:DateTimeString format=""102"">20260101</udt:DateTimeString></ram:IssueDateTime></rsm:ExchangedDocument><rsm:SupplyChainTradeTransaction><ram:ApplicableHeaderTradeSettlement><ram:InvoiceCurrencyCode>EUR</ram:InvoiceCurrencyCode><ram:SpecifiedTradeSettlementHeaderMonetarySummation><ram:GrandTotalAmount>100.00</ram:GrandTotalAmount></ram:SpecifiedTradeSettlementHeaderMonetarySummation></ram:ApplicableHeaderTradeSettlement></rsm:SupplyChainTradeTransaction></rsm:CrossIndustryInvoice>"
FX-929977,Factur-X / ZUGFeRD,"<rsm:CrossIndustryInvoice xmlns:rsm=""urn:un:unece:uncefact:data:standard:CrossIndustryInvoice:100""><rsm:ExchangedDocument><ram:ID>FX-929977</ram:ID><ram:TypeCode>380</ram:TypeCode><ram:IssueDateTime><udt:DateTimeString format=""102"">20260101</udt:DateTimeString></ram:IssueDateTime></rsm:ExchangedDocument><rsm:SupplyChainTradeTransaction><ram:ApplicableHeaderTradeSettlement><ram:InvoiceCurrencyCode>EUR</ram:InvoiceCurrencyCode><ram:SpecifiedTradeSettlementHeaderMonetarySummation><ram:GrandTotalAmount>100.00</ram:GrandTotalAmount></ram:SpecifiedTradeSettlementHeaderMonetarySummation></ram:ApplicableHeaderTradeSettlement></rsm:SupplyChainTradeTransaction></rsm:CrossIndustryInvoice>"
FX-266626,Factur-X / ZUGFeRD,"<rsm:CrossIndustryInvoice xmlns:rsm=""urn:un:unece:uncefact:data:standard:CrossIndustryInvoice:100""><rsm:ExchangedDocument><ram:ID>FX-266626</ram:ID><ram:TypeCode>380</ram:TypeCode><ram:IssueDateTime><udt:DateTimeString format=""102"">20260101</udt:DateTimeString></ram:IssueDateTime></rsm:ExchangedDocument><rsm:SupplyChainTradeTransaction><ram:ApplicableHeaderTradeSettlement><ram:InvoiceCurrencyCode>EUR</ram:InvoiceCurrencyCode><ram:SpecifiedTradeSettlementHeaderMonetarySummation><ram:GrandTotalAmount>100.00</ram:GrandTotalAmount></ram:SpecifiedTradeSettlementHeaderMonetarySummation></ram:ApplicableHeaderTradeSettlement></rsm:SupplyChainTradeTransaction></rsm:CrossIndustryInvoice>"
FX-158202,Factur-X / ZUGFeRD,"<rsm:CrossIndustryInvoice xmlns:rsm=""urn:un:unece:uncefact:data:standard:CrossIndustryInvoice:100""><rsm:ExchangedDocument><ram:ID>FX-158202</ram:ID><ram:TypeCode>380</ram:TypeCode><ram:IssueDateTime><udt:DateTimeString format=""102"">20260101</udt:DateTimeString></ram:IssueDateTime></rsm:ExchangedDocument><rsm:SupplyChainTradeTransaction><ram:ApplicableHeaderTradeSettlement><ram:InvoiceCurrencyCode>EUR</ram:InvoiceCurrencyCode><ram:SpecifiedTradeSettlementHeaderMonetarySummation><ram:GrandTotalAmount>100.00</ram:GrandTotalAmount></ram:SpecifiedTradeSettlementHeaderMonetarySummation></ram:ApplicableHeaderTradeSettlement></rsm:SupplyChainTradeTransaction></rsm:CrossIndustryInvoice>"
FX-155327,Factur-X / ZUGFeRD,"<rsm:CrossIndustryInvoice xmlns:rsm=""urn:un:unece:uncefact:data:standard:CrossIndustryInvoice:100""><rsm:ExchangedDocument><ram:ID>FX-155327</ram:ID><ram:TypeCode>380</ram:TypeCode><ram:IssueDateTime><udt:DateTimeString format=""102"">20260101</udt:DateTimeString></ram:IssueDateTime></rsm:ExchangedDocument><rsm:SupplyChainTradeTransaction><ram:ApplicableHeaderTradeSettlement><ram:InvoiceCurrencyCode>EUR</ram:InvoiceCurrencyCode><ram:SpecifiedTradeSettlementHeaderMonetarySummation><ram:GrandTotalAmount>100.00</ram:GrandTotalAmount></ram:SpecifiedTradeSettlementHeaderMonetarySummation></ram:ApplicableHeaderTradeSettlement></rsm:SupplyChainTradeTransaction></rsm:CrossIndustryInvoice>"
FX-578957,Factur-X / ZUGFeRD,"<rsm:CrossIndustryInvoice xmlns:rsm=""urn:un:unece:uncefact:data:standard:CrossIndustryInvoice:100""><rsm:ExchangedDocument><ram:ID>FX-578957</ram:ID><ram:TypeCode>380</ram:TypeCode><ram:IssueDateTime><udt:DateTimeString format=""102"">20260101</udt:DateTimeString></ram:IssueDateTime></rsm:ExchangedDocument><rsm:SupplyChainTradeTransaction><ram:ApplicableHeaderTradeSettlement><ram:InvoiceCurrencyCode>EUR</ram:InvoiceCurrencyCode><ram:SpecifiedTradeSettlementHeaderMonetarySummation><ram:GrandTotalAmount>100.00</ram:GrandTotalAmount></ram:SpecifiedTradeSettlementHeaderMonetarySummation></ram:ApplicableHeaderTradeSettlement></rsm:SupplyChainTradeTransaction></rsm:CrossIndustryInvoice>"
FX-511110,Factur-X / ZUGFeRD,"<rsm:CrossIndustryInvoice xmlns:rsm=""urn:un:unece:uncefact:data:standard:CrossIndustryInvoice:100""><rsm:ExchangedDocument><ram:ID>FX-511110</ram:ID><ram:TypeCode>380</ram:TypeCode><ram:IssueDateTime><udt:DateTimeString format=""102"">20260101</udt:DateTimeString></ram:IssueDateTime></rsm:ExchangedDocument><rsm:SupplyChainTradeTransaction><ram:ApplicableHeaderTradeSettlement><ram:InvoiceCurrencyCode>EUR</ram:InvoiceCurrencyCode><ram:SpecifiedTradeSettlementHeaderMonetarySummation><ram:GrandTotalAmount>100.00</ram:GrandTotalAmount></ram:SpecifiedTradeSettlementHeaderMonetarySummation></ram:ApplicableHeaderTradeSettlement></rsm:SupplyChainTradeTransaction></rsm:CrossIndustryInvoice>"
FX-582477,Factur-X / ZUGFeRD,"<rsm:CrossIndustryInvoice xmlns:rsm=""urn:un:unece:uncefact:data:standard:CrossIndustryInvoice:100""><rsm:ExchangedDocument><ram:ID>FX-582477</ram:ID><ram:TypeCode>380</ram:TypeCode><ram:IssueDateTime><udt:DateTimeString format=""102"">20260101</udt:DateTimeString></ram:IssueDateTime></rsm:ExchangedDocument><rsm:SupplyChainTradeTransaction><ram:ApplicableHeaderTradeSettlement><ram:InvoiceCurrencyCode>EUR</ram:InvoiceCurrencyCode><ram:SpecifiedTradeSettlementHeaderMonetarySummation><ram:GrandTotalAmount>100.00</ram:GrandTotalAmount></ram:SpecifiedTradeSettlementHeaderMonetarySummation></ram:ApplicableHeaderTradeSettlement></rsm:SupplyChainTradeTransaction></rsm:CrossIndustryInvoice>"
FX-657814,Factur-X / ZUGFeRD,"<rsm:CrossIndustryInvoice xmlns:rsm=""urn:un:unece:uncefact:data:standard:CrossIndustryInvoice:100""><rsm:ExchangedDocument><ram:ID>FX-657814</ram:ID><ram:TypeCode>380</ram:TypeCode><ram:IssueDateTime><udt:DateTimeString format=""102"">20260101</udt:DateTimeString></ram:IssueDateTime></rsm:ExchangedDocument><rsm:SupplyChainTradeTransaction><ram:ApplicableHeaderTradeSettlement><ram:InvoiceCurrencyCode>EUR</ram:InvoiceCurrencyCode><ram:SpecifiedTradeSettlementHeaderMonetarySummation><ram:GrandTotalAmount>100.00</ram:GrandTotalAmount></ram:SpecifiedTradeSettlementHeaderMonetarySummation></ram:ApplicableHeaderTradeSettlement></rsm:SupplyChainTradeTransaction></rsm:CrossIndustryInvoice>"
FX-365392,Factur-X / ZUGFeRD,"<rsm:CrossIndustryInvoice xmlns:rsm=""urn:un:unece:uncefact:data:standard:CrossIndustryInvoice:100""><rsm:ExchangedDocument><ram:ID>FX-365392</ram:ID><ram:TypeCode>380</ram:TypeCode><ram:IssueDateTime><udt:DateTimeString format=""102"">20260101</udt:DateTimeString></ram:IssueDateTime></rsm:ExchangedDocument><rsm:SupplyChainTradeTransaction><ram:ApplicableHeaderTradeSettlement><ram:InvoiceCurrencyCode>EUR</ram:InvoiceCurrencyCode><ram:SpecifiedTradeSettlementHeaderMonetarySummation><ram:GrandTotalAmount>100.00</ram:GrandTotalAmount></ram:SpecifiedTradeSettlementHeaderMonetarySummation></ram:ApplicableHeaderTradeSettlement></rsm:SupplyChainTradeTransaction></rsm:CrossIndustryInvoice>"
FX-239217,Factur-X / ZUGFeRD,"<rsm:CrossIndustryInvoice xmlns:rsm=""urn:un:unece:uncefact:data:standard:CrossIndustryInvoice:100""><rsm:ExchangedDocument><ram:ID>FX-239217</ram:ID><ram:TypeCode>380</ram:TypeCode><ram:IssueDateTime><udt:DateTimeString format=""102"">20260101</udt:DateTimeString></ram:IssueDateTime></rsm:ExchangedDocument><rsm:SupplyChainTradeTransaction><ram:ApplicableHeaderTradeSettlement><ram:InvoiceCurrencyCode>EUR</ram:InvoiceCurrencyCode><ram:SpecifiedTradeSettlementHeaderMonetarySummation><ram:GrandTotalAmount>100.00</ram:GrandTotalAmount></ram:SpecifiedTradeSettlementHeaderMonetarySummation></ram:ApplicableHeaderTradeSettlement></rsm:SupplyChainTradeTransaction></rsm:CrossIndustryInvoice>"
FX-650172,Factur-X / ZUGFeRD,"<rsm:CrossIndustryInvoice xmlns:rsm=""urn:un:unece:uncefact:data:standard:CrossIndustryInvoice:100""><rsm:ExchangedDocument><ram:ID>FX-650172</ram:ID><ram:TypeCode>380</ram:TypeCode><ram:IssueDateTime><udt:DateTimeString format=""102"">20260101</udt:DateTimeString></ram:IssueDateTime></rsm:ExchangedDocument><rsm:SupplyChainTradeTransaction><ram:ApplicableHeaderTradeSettlement><ram:InvoiceCurrencyCode>EUR</ram:InvoiceCurrencyCode><ram:SpecifiedTradeSettlementHeaderMonetarySummation><ram:GrandTotalAmount>100.00</ram:GrandTotalAmount></ram:SpecifiedTradeSettlementHeaderMonetarySummation></ram:ApplicableHeaderTradeSettlement></rsm:SupplyChainTradeTransaction></rsm:CrossIndustryInvoice>"
FX-334750,Factur-X / ZUGFeRD,"<rsm:CrossIndustryInvoice xmlns:rsm=""urn:un:unece:uncefact:data:standard:CrossIndustryInvoice:100""><rsm:ExchangedDocument><ram:ID>FX-334750</ram:ID><ram:TypeCode>380</ram:TypeCode><ram:IssueDateTime><udt:DateTimeString format=""102"">20260101</udt:DateTimeString></ram:IssueDateTime></rsm:ExchangedDocument><rsm:SupplyChainTradeTransaction><ram:ApplicableHeaderTradeSettlement><ram:InvoiceCurrencyCode>EUR</ram:InvoiceCurrencyCode><ram:SpecifiedTradeSettlementHeaderMonetarySummation><ram:GrandTotalAmount>100.00</ram:GrandTotalAmount></ram:SpecifiedTradeSettlementHeaderMonetarySummation></ram:ApplicableHeaderTradeSettlement></rsm:SupplyChainTradeTransaction></rsm:CrossIndustryInvoice>"
FX-097943,Factur-X / ZUGFeRD,"<rsm:CrossIndustryInvoice xmlns:rsm=""urn:un:unece:uncefact:data:standard:CrossIndustryInvoice:100""><rsm:ExchangedDocument><ram:ID>FX-097943</ram:ID><ram:TypeCode>380</ram:TypeCode><ram:IssueDateTime><udt:DateTimeString format=""102"">20260101</udt:DateTimeString></ram:IssueDateTime></rsm:ExchangedDocument><rsm:SupplyChainTradeTransaction><ram:ApplicableHeaderTradeSettlement><ram:InvoiceCurrencyCode>EUR</ram:InvoiceCurrencyCode><ram:SpecifiedTradeSettlementHeaderMonetarySummation><ram:GrandTotalAmount>100.00</ram:GrandTotalAmount></ram:SpecifiedTradeSettlementHeaderMonetarySummation></ram:ApplicableHeaderTradeSettlement></rsm:SupplyChainTradeTransaction></rsm:CrossIndustryInvoice>"
FX-475981,Factur-X / ZUGFeRD,"<rsm:CrossIndustryInvoice xmlns:rsm=""urn:un:unece:uncefact:data:standard:CrossIndustryInvoice:100""><rsm:ExchangedDocument><ram:ID>FX-475981</ram:ID><ram:TypeCode>380</ram:TypeCode><ram:IssueDateTime><udt:DateTimeString format=""102"">20260101</udt:DateTimeString></ram:IssueDateTime></rsm:ExchangedDocument><rsm:SupplyChainTradeTransaction><ram:ApplicableHeaderTradeSettlement><ram:InvoiceCurrencyCode>EUR</ram:InvoiceCurrencyCode><ram:SpecifiedTradeSettlementHeaderMonetarySummation><ram:GrandTotalAmount>100.00</ram:GrandTotalAmount></ram:SpecifiedTradeSettlementHeaderMonetarySummation></ram:ApplicableHeaderTradeSettlement></rsm:SupplyChainTradeTransaction></rsm:CrossIndustryInvoice>"
FX-105139,Factur-X / ZUGFeRD,"<rsm:CrossIndustryInvoice xmlns:rsm=""urn:un:unece:uncefact:data:standard:CrossIndustryInvoice:100""><rsm:ExchangedDocument><ram:ID>FX-105139</ram:ID><ram:TypeCode>380</ram:TypeCode><ram:IssueDateTime><udt:DateTimeString format=""102"">20260101</udt:DateTimeString></ram:IssueDateTime></rsm:ExchangedDocument><rsm:SupplyChainTradeTransaction><ram:ApplicableHeaderTradeSettlement><ram:InvoiceCurrencyCode>EUR</ram:InvoiceCurrencyCode><ram:SpecifiedTradeSettlementHeaderMonetarySummation><ram:GrandTotalAmount>100.00</ram:GrandTotalAmount></ram:SpecifiedTradeSettlementHeaderMonetarySummation></ram:ApplicableHeaderTradeSettlement></rsm:SupplyChainTradeTransaction></rsm:CrossIndustryInvoice>"
FX-456300,Factur-X / ZUGFeRD,"<rsm:CrossIndustryInvoice xmlns:rsm=""urn:un:unece:uncefact:data:standard:CrossIndustryInvoice:100""><rsm:ExchangedDocument><ram:ID>FX-456300</ram:ID><ram:TypeCode>380</ram:TypeCode><ram:IssueDateTime><udt:DateTimeString format=""102"">20260101</udt:DateTimeString></ram:IssueDateTime></rsm:ExchangedDocument><rsm:SupplyChainTradeTransaction><ram:ApplicableHeaderTradeSettlement><ram:InvoiceCurrencyCode>EUR</ram:InvoiceCurrencyCode><ram:SpecifiedTradeSettlementHeaderMonetarySummation><ram:GrandTotalAmount>100.00</ram:GrandTotalAmount></ram:SpecifiedTradeSettlementHeaderMonetarySummation></ram:ApplicableHeaderTradeSettlement></rsm:SupplyChainTradeTransaction></rsm:CrossIndustryInvoice>"
FX-628774,Factur-X / ZUGFeRD,"<rsm:CrossIndustryInvoice xmlns:rsm=""urn:un:unece:uncefact:data:standard:CrossIndustryInvoice:100""><rsm:ExchangedDocument><ram:ID>FX-628774</ram:ID><ram:TypeCode>380</ram:TypeCode><ram:IssueDateTime><udt:DateTimeString format=""102"">20260101</udt:DateTimeString></ram:IssueDateTime></rsm:ExchangedDocument><rsm:SupplyChainTradeTransaction><ram:ApplicableHeaderTradeSettlement><ram:InvoiceCurrencyCode>EUR</ram:InvoiceCurrencyCode><ram:SpecifiedTradeSettlementHeaderMonetarySummation><ram:GrandTotalAmount>100.00</ram:GrandTotalAmount></ram:SpecifiedTradeSettlementHeaderMonetarySummation></ram:ApplicableHeaderTradeSettlement></rsm:SupplyChainTradeTransaction></rsm:CrossIndustryInvoice>"
FX-433525,Factur-X / ZUGFeRD,"<rsm:CrossIndustryInvoice xmlns:rsm=""urn:un:unece:uncefact:data:standard:CrossIndustryInvoice:100""><rsm:ExchangedDocument><ram:ID>FX-433525</ram:ID><ram:TypeCode>380</ram:TypeCode><ram:IssueDateTime><udt:DateTimeString format=""102"">20260101</udt:DateTimeString></ram:IssueDateTime></rsm:ExchangedDocument><rsm:SupplyChainTradeTransaction><ram:ApplicableHeaderTradeSettlement><ram:InvoiceCurrencyCode>EUR</ram:InvoiceCurrencyCode><ram:SpecifiedTradeSettlementHeaderMonetarySummation><ram:GrandTotalAmount>100.00</ram:GrandTotalAmount></ram:SpecifiedTradeSettlementHeaderMonetarySummation></ram:ApplicableHeaderTradeSettlement></rsm:SupplyChainTradeTransaction></rsm:CrossIndustryInvoice>"
FX-495047,Factur-X / ZUGFeRD,"<rsm:CrossIndustryInvoice xmlns:rsm=""urn:un:unece:uncefact:data:standard:CrossIndustryInvoice:100""><rsm:ExchangedDocument><ram:ID>FX-495047</ram:ID><ram:TypeCode>380</ram:TypeCode><ram:IssueDateTime><udt:DateTimeString format=""102"">20260101</udt:DateTimeString></ram:IssueDateTime></rsm:ExchangedDocument><rsm:SupplyChainTradeTransaction><ram:ApplicableHeaderTradeSettlement><ram:InvoiceCurrencyCode>EUR</ram:InvoiceCurrencyCode><ram:SpecifiedTradeSettlementHeaderMonetarySummation><ram:GrandTotalAmount>100.00</ram:GrandTotalAmount></ram:SpecifiedTradeSettlementHeaderMonetarySummation></ram:ApplicableHeaderTradeSettlement></rsm:SupplyChainTradeTransaction></rsm:CrossIndustryInvoice>"
FX-496007,Factur-X / ZUGFeRD,"<rsm:CrossIndustryInvoice xmlns:rsm=""urn:un:unece:uncefact:data:standard:CrossIndustryInvoice:100""><rsm:ExchangedDocument><ram:ID>FX-496007</ram:ID><ram:TypeCode>380</ram:TypeCode><ram:IssueDateTime><udt:DateTimeString format=""102"">20260101</udt:DateTimeString></ram:IssueDateTime></rsm:ExchangedDocument><rsm:SupplyChainTradeTransaction><ram:ApplicableHeaderTradeSettlement><ram:InvoiceCurrencyCode>EUR</ram:InvoiceCurrencyCode><ram:SpecifiedTradeSettlementHeaderMonetarySummation><ram:GrandTotalAmount>100.00</ram:GrandTotalAmount></ram:SpecifiedTradeSettlementHeaderMonetarySummation></ram:ApplicableHeaderTradeSettlement></rsm:SupplyChainTradeTransaction></rsm:CrossIndustryInvoice>"
FX-806765,Factur-X / ZUGFeRD,"<rsm:CrossIndustryInvoice xmlns:rsm=""urn:un:unece:uncefact:data:standard:CrossIndustryInvoice:100""><rsm:ExchangedDocument><ram:ID>FX-806765</ram:ID><ram:TypeCode>380</ram:TypeCode><ram:IssueDateTime><udt:DateTimeString format=""102"">20260101</udt:DateTimeString></ram:IssueDateTime></rsm:ExchangedDocument><rsm:SupplyChainTradeTransaction><ram:ApplicableHeaderTradeSettlement><ram:InvoiceCurrencyCode>EUR</ram:InvoiceCurrencyCode><ram:SpecifiedTradeSettlementHeaderMonetarySummation><ram:GrandTotalAmount>100.00</ram:GrandTotalAmount></ram:SpecifiedTradeSettlementHeaderMonetarySummation></ram:ApplicableHeaderTradeSettlement></rsm:SupplyChainTradeTransaction></rsm:CrossIndustryInvoice>"
FX-992651,Factur-X / ZUGFeRD,"<rsm:CrossIndustryInvoice xmlns:rsm=""urn:un:unece:uncefact:data:standard:CrossIndustryInvoice:100""><rsm:ExchangedDocument><ram:ID>FX-992651</ram:ID><ram:TypeCode>380</ram:TypeCode><ram:IssueDateTime><udt:DateTimeString format=""102"">20260101</udt:DateTimeString></ram:IssueDateTime></rsm:ExchangedDocument><rsm:SupplyChainTradeTransaction><ram:ApplicableHeaderTradeSettlement><ram:InvoiceCurrencyCode>EUR</ram:InvoiceCurrencyCode><ram:SpecifiedTradeSettlementHeaderMonetarySummation><ram:GrandTotalAmount>100.00</ram:GrandTotalAmount></ram:SpecifiedTradeSettlementHeaderMonetarySummation></ram:ApplicableHeaderTradeSettlement></rsm:SupplyChainTradeTransaction></rsm:CrossIndustryInvoice>"
FX-157974,Factur-X / ZUGFeRD,"<rsm:CrossIndustryInvoice xmlns:rsm=""urn:un:unece:uncefact:data:standard:CrossIndustryInvoice:100""><rsm:ExchangedDocument><ram:ID>FX-157974</ram:ID><ram:TypeCode>380</ram:TypeCode><ram:IssueDateTime><udt:DateTimeString format=""102"">20260101</udt:DateTimeString></ram:IssueDateTime></rsm:ExchangedDocument><rsm:SupplyChainTradeTransaction><ram:ApplicableHeaderTradeSettlement><ram:InvoiceCurrencyCode>EUR</ram:InvoiceCurrencyCode><ram:SpecifiedTradeSettlementHeaderMonetarySummation><ram:GrandTotalAmount>100.00</ram:GrandTotalAmount></ram:SpecifiedTradeSettlementHeaderMonetarySummation></ram:ApplicableHeaderTradeSettlement></rsm:SupplyChainTradeTransaction></rsm:CrossIndustryInvoice>"
FX-961315,Factur-X / ZUGFeRD,"<rsm:CrossIndustryInvoice xmlns:rsm=""urn:un:unece:uncefact:data:standard:CrossIndustryInvoice:100""><rsm:ExchangedDocument><ram:ID>FX-961315</ram:ID><ram:TypeCode>380</ram:TypeCode><ram:IssueDateTime><udt:DateTimeString format=""102"">20260101</udt:DateTimeString></ram:IssueDateTime></rsm:ExchangedDocument><rsm:SupplyChainTradeTransaction><ram:ApplicableHeaderTradeSettlement><ram:InvoiceCurrencyCode>EUR</ram:InvoiceCurrencyCode><ram:SpecifiedTradeSettlementHeaderMonetarySummation><ram:GrandTotalAmount>100.00</ram:GrandTotalAmount></ram:SpecifiedTradeSettlementHeaderMonetarySummation></ram:ApplicableHeaderTradeSettlement></rsm:SupplyChainTradeTransaction></rsm:CrossIndustryInvoice>"
FX-980833,Factur-X / ZUGFeRD,"<rsm:CrossIndustryInvoice xmlns:rsm=""urn:un:unece:uncefact:data:standard:CrossIndustryInvoice:100""><rsm:ExchangedDocument><ram:ID>FX-980833</ram:ID><ram:TypeCode>380</ram:TypeCode><ram:IssueDateTime><udt:DateTimeString format=""102"">20260101</udt:DateTimeString></ram:IssueDateTime></rsm:ExchangedDocument><rsm:SupplyChainTradeTransaction><ram:ApplicableHeaderTradeSettlement><ram:InvoiceCurrencyCode>EUR</ram:InvoiceCurrencyCode><ram:SpecifiedTradeSettlementHeaderMonetarySummation><ram:GrandTotalAmount>100.00</ram:GrandTotalAmount></ram:SpecifiedTradeSettlementHeaderMonetarySummation></ram:ApplicableHeaderTradeSettlement></rsm:SupplyChainTradeTransaction></rsm:CrossIndustryInvoice>"
FX-543447,Factur-X / ZUGFeRD,"<rsm:CrossIndustryInvoice xmlns:rsm=""urn:un:unece:uncefact:data:standard:CrossIndustryInvoice:100""><rsm:ExchangedDocument><ram:ID>FX-543447</ram:ID><ram:TypeCode>380</ram:TypeCode><ram:IssueDateTime><udt:DateTimeString format=""102"">20260101</udt:DateTimeString></ram:IssueDateTime></rsm:ExchangedDocument><rsm:SupplyChainTradeTransaction><ram:ApplicableHeaderTradeSettlement><ram:InvoiceCurrencyCode>EUR</ram:InvoiceCurrencyCode><ram:SpecifiedTradeSettlementHeaderMonetarySummation><ram:GrandTotalAmount>100.00</ram:GrandTotalAmount></ram:SpecifiedTradeSettlementHeaderMonetarySummation></ram:ApplicableHeaderTradeSettlement></rsm:SupplyChainTradeTransaction></rsm:CrossIndustryInvoice>"
FX-861184,Factur-X / ZUGFeRD,"<rsm:CrossIndustryInvoice xmlns:rsm=""urn:un:unece:uncefact:data:standard:CrossIndustryInvoice:100""><rsm:ExchangedDocument><ram:ID>FX-861184</ram:ID><ram:TypeCode>380</ram:TypeCode><ram:IssueDateTime><udt:DateTimeString format=""102"">20260101</udt:DateTimeString></ram:IssueDateTime></rsm:ExchangedDocument><rsm:SupplyChainTradeTransaction><ram:ApplicableHeaderTradeSettlement><ram:InvoiceCurrencyCode>EUR</ram:InvoiceCurrencyCode><ram:SpecifiedTradeSettlementHeaderMonetarySummation><ram:GrandTotalAmount>100.00</ram:GrandTotalAmount></ram:SpecifiedTradeSettlementHeaderMonetarySummation></ram:ApplicableHeaderTradeSettlement></rsm:SupplyChainTradeTransaction></rsm:CrossIndustryInvoice>"
FX-529477,Factur-X / ZUGFeRD,"<rsm:CrossIndustryInvoice xmlns:rsm=""urn:un:unece:uncefact:data:standard:CrossIndustryInvoice:100""><rsm:ExchangedDocument><ram:ID>FX-529477</ram:ID><ram:TypeCode>380</ram:TypeCode><ram:IssueDateTime><udt:DateTimeString format=""102"">20260101</udt:DateTimeString></ram:IssueDateTime></rsm:ExchangedDocument><rsm:SupplyChainTradeTransaction><ram:ApplicableHeaderTradeSettlement><ram:InvoiceCurrencyCode>EUR</ram:InvoiceCurrencyCode><ram:SpecifiedTradeSettlementHeaderMonetarySummation><ram:GrandTotalAmount>100.00</ram:GrandTotalAmount></ram:SpecifiedTradeSettlementHeaderMonetarySummation></ram:ApplicableHeaderTradeSettlement></rsm:SupplyChainTradeTransaction></rsm:CrossIndustryInvoice>"
FX-900084,Factur-X / ZUGFeRD,"<rsm:CrossIndustryInvoice xmlns:rsm=""urn:un:unece:uncefact:data:standard:CrossIndustryInvoice:100""><rsm:ExchangedDocument><ram:ID>FX-900084</ram:ID><ram:TypeCode>380</ram:TypeCode><ram:IssueDateTime><udt:DateTimeString format=""102"">20260101</udt:DateTimeString></ram:IssueDateTime></rsm:ExchangedDocument><rsm:SupplyChainTradeTransaction><ram:ApplicableHeaderTradeSettlement><ram:InvoiceCurrencyCode>EUR</ram:InvoiceCurrencyCode><ram:SpecifiedTradeSettlementHeaderMonetarySummation><ram:GrandTotalAmount>100.00</ram:GrandTotalAmount></ram:SpecifiedTradeSettlementHeaderMonetarySummation></ram:ApplicableHeaderTradeSettlement></rsm:SupplyChainTradeTransaction></rsm:CrossIndustryInvoice>"
FX-055156,Factur-X / ZUGFeRD,"<rsm:CrossIndustryInvoice xmlns:rsm=""urn:un:unece:uncefact:data:standard:CrossIndustryInvoice:100""><rsm:ExchangedDocument><ram:ID>FX-055156</ram:ID><ram:TypeCode>380</ram:TypeCode><ram:IssueDateTime><udt:DateTimeString format=""102"">20260101</udt:DateTimeString></ram:IssueDateTime></rsm:ExchangedDocument><rsm:SupplyChainTradeTransaction><ram:ApplicableHeaderTradeSettlement><ram:InvoiceCurrencyCode>EUR</ram:InvoiceCurrencyCode><ram:SpecifiedTradeSettlementHeaderMonetarySummation><ram:GrandTotalAmount>100.00</ram:GrandTotalAmount></ram:SpecifiedTradeSettlementHeaderMonetarySummation></ram:ApplicableHeaderTradeSettlement></rsm:SupplyChainTradeTransaction></rsm:CrossIndustryInvoice>"
FX-044470,Factur-X / ZUGFeRD,"<rsm:CrossIndustryInvoice xmlns:rsm=""urn:un:unece:uncefact:data:standard:CrossIndustryInvoice:100""><rsm:ExchangedDocument><ram:ID>FX-044470</ram:ID><ram:TypeCode>380</ram:TypeCode><ram:IssueDateTime><udt:DateTimeString format=""102"">20260101</udt:DateTimeString></ram:IssueDateTime></rsm:ExchangedDocument><rsm:SupplyChainTradeTransaction><ram:ApplicableHeaderTradeSettlement><ram:InvoiceCurrencyCode>EUR</ram:InvoiceCurrencyCode><ram:SpecifiedTradeSettlementHeaderMonetarySummation><ram:GrandTotalAmount>100.00</ram:GrandTotalAmount></ram:SpecifiedTradeSettlementHeaderMonetarySummation></ram:ApplicableHeaderTradeSettlement></rsm:SupplyChainTradeTransaction></rsm:CrossIndustryInvoice>"
FX-777412,Factur-X / ZUGFeRD,"<rsm:CrossIndustryInvoice xmlns:rsm=""urn:un:unece:uncefact:data:standard:CrossIndustryInvoice:100""><rsm:ExchangedDocument><ram:ID>FX-777412</ram:ID><ram:TypeCode>380</ram:TypeCode><ram:IssueDateTime><udt:DateTimeString format=""102"">20260101</udt:DateTimeString></ram:IssueDateTime></rsm:ExchangedDocument><rsm:SupplyChainTradeTransaction><ram:ApplicableHeaderTradeSettlement><ram:InvoiceCurrencyCode>EUR</ram:InvoiceCurrencyCode><ram:SpecifiedTradeSettlementHeaderMonetarySummation><ram:GrandTotalAmount>100.00</ram:GrandTotalAmount></ram:SpecifiedTradeSettlementHeaderMonetarySummation></ram:ApplicableHeaderTradeSettlement></rsm:SupplyChainTradeTransaction></rsm:CrossIndustryInvoice>"
FX-701660,Factur-X / ZUGFeRD,"<rsm:CrossIndustryInvoice xmlns:rsm=""urn:un:unece:uncefact:data:standard:CrossIndustryInvoice:100""><rsm:ExchangedDocument><ram:ID>FX-701660</ram:ID><ram:TypeCode>380</ram:TypeCode><ram:IssueDateTime><udt:DateTimeString format=""102"">20260101</udt:DateTimeString></ram:IssueDateTime></rsm:ExchangedDocument><rsm:SupplyChainTradeTransaction><ram:ApplicableHeaderTradeSettlement><ram:InvoiceCurrencyCode>EUR</ram:InvoiceCurrencyCode><ram:SpecifiedTradeSettlementHeaderMonetarySummation><ram:GrandTotalAmount>100.00</ram:GrandTotalAmount></ram:SpecifiedTradeSettlementHeaderMonetarySummation></ram:ApplicableHeaderTradeSettlement></rsm:SupplyChainTradeTransaction></rsm:CrossIndustryInvoice>"
FX-215485,Factur-X / ZUGFeRD,"<rsm:CrossIndustryInvoice xmlns:rsm=""urn:un:unece:uncefact:data:standard:CrossIndustryInvoice:100""><rsm:ExchangedDocument><ram:ID>FX-215485</ram:ID><ram:TypeCode>380</ram:TypeCode><ram:IssueDateTime><udt:DateTimeString format=""102"">20260101</udt:DateTimeString></ram:IssueDateTime></rsm:ExchangedDocument><rsm:SupplyChainTradeTransaction><ram:ApplicableHeaderTradeSettlement><ram:InvoiceCurrencyCode>EUR</ram:InvoiceCurrencyCode><ram:SpecifiedTradeSettlementHeaderMonetarySummation><ram:GrandTotalAmount>100.00</ram:GrandTotalAmount></ram:SpecifiedTradeSettlementHeaderMonetarySummation></ram:ApplicableHeaderTradeSettlement></rsm:SupplyChainTradeTransaction></rsm:CrossIndustryInvoice>"
FX-742386,Factur-X / ZUGFeRD,"<rsm:CrossIndustryInvoice xmlns:rsm=""urn:un:unece:uncefact:data:standard:CrossIndustryInvoice:100""><rsm:ExchangedDocument><ram:ID>FX-742386</ram:ID><ram:TypeCode>380</ram:TypeCode><ram:IssueDateTime><udt:DateTimeString format=""102"">20260101</udt:DateTimeString></ram:IssueDateTime></rsm:ExchangedDocument><rsm:SupplyChainTradeTransaction><ram:ApplicableHeaderTradeSettlement><ram:InvoiceCurrencyCode>EUR</ram:InvoiceCurrencyCode><ram:SpecifiedTradeSettlementHeaderMonetarySummation><ram:GrandTotalAmount>100.00</ram:GrandTotalAmount></ram:SpecifiedTradeSettlementHeaderMonetarySummation></ram:ApplicableHeaderTradeSettlement></rsm:SupplyChainTradeTransaction></rsm:CrossIndustryInvoice>"
FX-710427,Factur-X / ZUGFeRD,"<rsm:CrossIndustryInvoice xmlns:rsm=""urn:un:unece:uncefact:data:standard:CrossIndustryInvoice:100""><rsm:ExchangedDocument><ram:ID>FX-710427</ram:ID><ram:TypeCode>380</ram:TypeCode><ram:IssueDateTime><udt:DateTimeString format=""102"">20260101</udt:DateTimeString></ram:IssueDateTime></rsm:ExchangedDocument><rsm:SupplyChainTradeTransaction><ram:ApplicableHeaderTradeSettlement><ram:InvoiceCurrencyCode>EUR</ram:InvoiceCurrencyCode><ram:SpecifiedTradeSettlementHeaderMonetarySummation><ram:GrandTotalAmount>100.00</ram:GrandTotalAmount></ram:SpecifiedTradeSettlementHeaderMonetarySummation></ram:ApplicableHeaderTradeSettlement></rsm:SupplyChainTradeTransaction></rsm:CrossIndustryInvoice>"
FX-717325,Factur-X / ZUGFeRD,"<rsm:CrossIndustryInvoice xmlns:rsm=""urn:un:unece:uncefact:data:standard:CrossIndustryInvoice:100""><rsm:ExchangedDocument><ram:ID>FX-717325</ram:ID><ram:TypeCode>380</ram:TypeCode><ram:IssueDateTime><udt:DateTimeString format=""102"">20260101</udt:DateTimeString></ram:IssueDateTime></rsm:ExchangedDocument><rsm:SupplyChainTradeTransaction><ram:ApplicableHeaderTradeSettlement><ram:InvoiceCurrencyCode>EUR</ram:InvoiceCurrencyCode><ram:SpecifiedTradeSettlementHeaderMonetarySummation><ram:GrandTotalAmount>100.00</ram:GrandTotalAmount></ram:SpecifiedTradeSettlementHeaderMonetarySummation></ram:ApplicableHeaderTradeSettlement></rsm:SupplyChainTradeTransaction></rsm:CrossIndustryInvoice>"
FX-411197,Factur-X / ZUGFeRD,"<rsm:CrossIndustryInvoice xmlns:rsm=""urn:un:unece:uncefact:data:standard:CrossIndustryInvoice:100""><rsm:ExchangedDocument><ram:ID>FX-411197</ram:ID><ram:TypeCode>380</ram:TypeCode><ram:IssueDateTime><udt:DateTimeString format=""102"">20260101</udt:DateTimeString></ram:IssueDateTime></rsm:ExchangedDocument><rsm:SupplyChainTradeTransaction><ram:ApplicableHeaderTradeSettlement><ram:InvoiceCurrencyCode>EUR</ram:InvoiceCurrencyCode><ram:SpecifiedTradeSettlementHeaderMonetarySummation><ram:GrandTotalAmount>100.00</ram:GrandTotalAmount></ram:SpecifiedTradeSettlementHeaderMonetarySummation></ram:ApplicableHeaderTradeSettlement></rsm:SupplyChainTradeTransaction></rsm:CrossIndustryInvoice>"
FX-979511,Factur-X / ZUGFeRD,"<rsm:CrossIndustryInvoice xmlns:rsm=""urn:un:unece:uncefact:data:standard:CrossIndustryInvoice:100""><rsm:ExchangedDocument><ram:ID>FX-979511</ram:ID><ram:TypeCode>380</ram:TypeCode><ram:IssueDateTime><udt:DateTimeString format=""102"">20260101</udt:DateTimeString></ram:IssueDateTime></rsm:ExchangedDocument><rsm:SupplyChainTradeTransaction><ram:ApplicableHeaderTradeSettlement><ram:InvoiceCurrencyCode>EUR</ram:InvoiceCurrencyCode><ram:SpecifiedTradeSettlementHeaderMonetarySummation><ram:GrandTotalAmount>100.00</ram:GrandTotalAmount></ram:SpecifiedTradeSettlementHeaderMonetarySummation></ram:ApplicableHeaderTradeSettlement></rsm:SupplyChainTradeTransaction></rsm:CrossIndustryInvoice>"
FX-755097,Factur-X / ZUGFeRD,"<rsm:CrossIndustryInvoice xmlns:rsm=""urn:un:unece:uncefact:data:standard:CrossIndustryInvoice:100""><rsm:ExchangedDocument><ram:ID>FX-755097</ram:ID><ram:TypeCode>380</ram:TypeCode><ram:IssueDateTime><udt:DateTimeString format=""102"">20260101</udt:DateTimeString></ram:IssueDateTime></rsm:ExchangedDocument><rsm:SupplyChainTradeTransaction><ram:ApplicableHeaderTradeSettlement><ram:InvoiceCurrencyCode>EUR</ram:InvoiceCurrencyCode><ram:SpecifiedTradeSettlementHeaderMonetarySummation><ram:GrandTotalAmount>100.00</ram:GrandTotalAmount></ram:SpecifiedTradeSettlementHeaderMonetarySummation></ram:ApplicableHeaderTradeSettlement></rsm:SupplyChainTradeTransaction></rsm:CrossIndustryInvoice>"
FX-742624,Factur-X / ZUGFeRD,"<rsm:CrossIndustryInvoice xmlns:rsm=""urn:un:unece:uncefact:data:standard:CrossIndustryInvoice:100""><rsm:ExchangedDocument><ram:ID>FX-742624</ram:ID><ram:TypeCode>380</ram:TypeCode><ram:IssueDateTime><udt:DateTimeString format=""102"">20260101</udt:DateTimeString></ram:IssueDateTime></rsm:ExchangedDocument><rsm:SupplyChainTradeTransaction><ram:ApplicableHeaderTradeSettlement><ram:InvoiceCurrencyCode>EUR</ram:InvoiceCurrencyCode><ram:SpecifiedTradeSettlementHeaderMonetarySummation><ram:GrandTotalAmount>100.00</ram:GrandTotalAmount></ram:SpecifiedTradeSettlementHeaderMonetarySummation></ram:ApplicableHeaderTradeSettlement></rsm:SupplyChainTradeTransaction></rsm:CrossIndustryInvoice>"
FX-974076,Factur-X / ZUGFeRD,"<rsm:CrossIndustryInvoice xmlns:rsm=""urn:un:unece:uncefact:data:standard:CrossIndustryInvoice:100""><rsm:ExchangedDocument><ram:ID>FX-974076</ram:ID><ram:TypeCode>380</ram:TypeCode><ram:IssueDateTime><udt:DateTimeString format=""102"">20260101</udt:DateTimeString></ram:IssueDateTime></rsm:ExchangedDocument><rsm:SupplyChainTradeTransaction><ram:ApplicableHeaderTradeSettlement><ram:InvoiceCurrencyCode>EUR</ram:InvoiceCurrencyCode><ram:SpecifiedTradeSettlementHeaderMonetarySummation><ram:GrandTotalAmount>100.00</ram:GrandTotalAmount></ram:SpecifiedTradeSettlementHeaderMonetarySummation></ram:ApplicableHeaderTradeSettlement></rsm:SupplyChainTradeTransaction></rsm:CrossIndustryInvoice>"
FX-757382,Factur-X / ZUGFeRD,"<rsm:CrossIndustryInvoice xmlns:rsm=""urn:un:unece:uncefact:data:standard:CrossIndustryInvoice:100""><rsm:ExchangedDocument><ram:ID>FX-757382</ram:ID><ram:TypeCode>380</ram:TypeCode><ram:IssueDateTime><udt:DateTimeString format=""102"">20260101</udt:DateTimeString></ram:IssueDateTime></rsm:ExchangedDocument><rsm:SupplyChainTradeTransaction><ram:ApplicableHeaderTradeSettlement><ram:InvoiceCurrencyCode>EUR</ram:InvoiceCurrencyCode><ram:SpecifiedTradeSettlementHeaderMonetarySummation><ram:GrandTotalAmount>100.00</ram:GrandTotalAmount></ram:SpecifiedTradeSettlementHeaderMonetarySummation></ram:ApplicableHeaderTradeSettlement></rsm:SupplyChainTradeTransaction></rsm:CrossIndustryInvoice>"
FX-891333,Factur-X / ZUGFeRD,"<rsm:CrossIndustryInvoice xmlns:rsm=""urn:un:unece:uncefact:data:standard:CrossIndustryInvoice:100""><rsm:ExchangedDocument><ram:ID>FX-891333</ram:ID><ram:TypeCode>380</ram:TypeCode><ram:IssueDateTime><udt:DateTimeString format=""102"">20260101</udt:DateTimeString></ram:IssueDateTime></rsm:ExchangedDocument><rsm:SupplyChainTradeTransaction><ram:ApplicableHeaderTradeSettlement><ram:InvoiceCurrencyCode>EUR</ram:InvoiceCurrencyCode><ram:SpecifiedTradeSettlementHeaderMonetarySummation><ram:GrandTotalAmount>100.00</ram:GrandTotalAmount></ram:SpecifiedTradeSettlementHeaderMonetarySummation></ram:ApplicableHeaderTradeSettlement></rsm:SupplyChainTradeTransaction></rsm:CrossIndustryInvoice>"
FX-614396,Factur-X / ZUGFeRD,"<rsm:CrossIndustryInvoice xmlns:rsm=""urn:un:unece:uncefact:data:standard:CrossIndustryInvoice:100""><rsm:ExchangedDocument><ram:ID>FX-614396</ram:ID><ram:TypeCode>380</ram:TypeCode><ram:IssueDateTime><udt:DateTimeString format=""102"">20260101</udt:DateTimeString></ram:IssueDateTime></rsm:ExchangedDocument><rsm:SupplyChainTradeTransaction><ram:ApplicableHeaderTradeSettlement><ram:InvoiceCurrencyCode>EUR</ram:InvoiceCurrencyCode><ram:SpecifiedTradeSettlementHeaderMonetarySummation><ram:GrandTotalAmount>100.00</ram:GrandTotalAmount></ram:SpecifiedTradeSettlementHeaderMonetarySummation></ram:ApplicableHeaderTradeSettlement></rsm:SupplyChainTradeTransaction></rsm:CrossIndustryInvoice>"
FX-956885,Factur-X / ZUGFeRD,"<rsm:CrossIndustryInvoice xmlns:rsm=""urn:un:unece:uncefact:data:standard:CrossIndustryInvoice:100""><rsm:ExchangedDocument><ram:ID>FX-956885</ram:ID><ram:TypeCode>380</ram:TypeCode><ram:IssueDateTime><udt:DateTimeString format=""102"">20260101</udt:DateTimeString></ram:IssueDateTime></rsm:ExchangedDocument><rsm:SupplyChainTradeTransaction><ram:ApplicableHeaderTradeSettlement><ram:InvoiceCurrencyCode>EUR</ram:InvoiceCurrencyCode><ram:SpecifiedTradeSettlementHeaderMonetarySummation><ram:GrandTotalAmount>100.00</ram:GrandTotalAmount></ram:SpecifiedTradeSettlementHeaderMonetarySummation></ram:ApplicableHeaderTradeSettlement></rsm:SupplyChainTradeTransaction></rsm:CrossIndustryInvoice>"
FX-279931,Factur-X / ZUGFeRD,"<rsm:CrossIndustryInvoice xmlns:rsm=""urn:un:unece:uncefact:data:standard:CrossIndustryInvoice:100""><rsm:ExchangedDocument><ram:ID>FX-279931</ram:ID><ram:TypeCode>380</ram:TypeCode><ram:IssueDateTime><udt:DateTimeString format=""102"">20260101</udt:DateTimeString></ram:IssueDateTime></rsm:ExchangedDocument><rsm:SupplyChainTradeTransaction><ram:ApplicableHeaderTradeSettlement><ram:InvoiceCurrencyCode>EUR</ram:InvoiceCurrencyCode><ram:SpecifiedTradeSettlementHeaderMonetarySummation><ram:GrandTotalAmount>100.00</ram:GrandTotalAmount></ram:SpecifiedTradeSettlementHeaderMonetarySummation></ram:ApplicableHeaderTradeSettlement></rsm:SupplyChainTradeTransaction></rsm:CrossIndustryInvoice>"
FX-422245,Factur-X / ZUGFeRD,"<rsm:CrossIndustryInvoice xmlns:rsm=""urn:un:unece:uncefact:data:standard:CrossIndustryInvoice:100""><rsm:ExchangedDocument><ram:ID>FX-422245</ram:ID><ram:TypeCode>380</ram:TypeCode><ram:IssueDateTime><udt:DateTimeString format=""102"">20260101</udt:DateTimeString></ram:IssueDateTime></rsm:ExchangedDocument><rsm:SupplyChainTradeTransaction><ram:ApplicableHeaderTradeSettlement><ram:InvoiceCurrencyCode>EUR</ram:InvoiceCurrencyCode><ram:SpecifiedTradeSettlementHeaderMonetarySummation><ram:GrandTotalAmount>100.00</ram:GrandTotalAmount></ram:SpecifiedTradeSettlementHeaderMonetarySummation></ram:ApplicableHeaderTradeSettlement></rsm:SupplyChainTradeTransaction></rsm:CrossIndustryInvoice>"
FX-724495,Factur-X / ZUGFeRD,"<rsm:CrossIndustryInvoice xmlns:rsm=""urn:un:unece:uncefact:data:standard:CrossIndustryInvoice:100""><rsm:ExchangedDocument><ram:ID>FX-724495</ram:ID><ram:TypeCode>380</ram:TypeCode><ram:IssueDateTime><udt:DateTimeString format=""102"">20260101</udt:DateTimeString></ram:IssueDateTime></rsm:ExchangedDocument><rsm:SupplyChainTradeTransaction><ram:ApplicableHeaderTradeSettlement><ram:InvoiceCurrencyCode>EUR</ram:InvoiceCurrencyCode><ram:SpecifiedTradeSettlementHeaderMonetarySummation><ram:GrandTotalAmount>100.00</ram:GrandTotalAmount></ram:SpecifiedTradeSettlementHeaderMonetarySummation></ram:ApplicableHeaderTradeSettlement></rsm:SupplyChainTradeTransaction></rsm:CrossIndustryInvoice>"
FX-111973,Factur-X / ZUGFeRD,"<rsm:CrossIndustryInvoice xmlns:rsm=""urn:un:unece:uncefact:data:standard:CrossIndustryInvoice:100""><rsm:ExchangedDocument><ram:ID>FX-111973</ram:ID><ram:TypeCode>380</ram:TypeCode><ram:IssueDateTime><udt:DateTimeString format=""102"">20260101</udt:DateTimeString></ram:IssueDateTime></rsm:ExchangedDocument><rsm:SupplyChainTradeTransaction><ram:ApplicableHeaderTradeSettlement><ram:InvoiceCurrencyCode>EUR</ram:InvoiceCurrencyCode><ram:SpecifiedTradeSettlementHeaderMonetarySummation><ram:GrandTotalAmount>100.00</ram:GrandTotalAmount></ram:SpecifiedTradeSettlementHeaderMonetarySummation></ram:ApplicableHeaderTradeSettlement></rsm:SupplyChainTradeTransaction></rsm:CrossIndustryInvoice>"
FX-475333,Factur-X / ZUGFeRD,"<rsm:CrossIndustryInvoice xmlns:rsm=""urn:un:unece:uncefact:data:standard:CrossIndustryInvoice:100""><rsm:ExchangedDocument><ram:ID>FX-475333</ram:ID><ram:TypeCode>380</ram:TypeCode><ram:IssueDateTime><udt:DateTimeString format=""102"">20260101</udt:DateTimeString></ram:IssueDateTime></rsm:ExchangedDocument><rsm:SupplyChainTradeTransaction><ram:ApplicableHeaderTradeSettlement><ram:InvoiceCurrencyCode>EUR</ram:InvoiceCurrencyCode><ram:SpecifiedTradeSettlementHeaderMonetarySummation><ram:GrandTotalAmount>100.00</ram:GrandTotalAmount></ram:SpecifiedTradeSettlementHeaderMonetarySummation></ram:ApplicableHeaderTradeSettlement></rsm:SupplyChainTradeTransaction></rsm:CrossIndustryInvoice>"
FX-582468,Factur-X / ZUGFeRD,"<rsm:CrossIndustryInvoice xmlns:rsm=""urn:un:unece:uncefact:data:standard:CrossIndustryInvoice:100""><rsm:ExchangedDocument><ram:ID>FX-582468</ram:ID><ram:TypeCode>380</ram:TypeCode><ram:IssueDateTime><udt:DateTimeString format=""102"">20260101</udt:DateTimeString></ram:IssueDateTime></rsm:ExchangedDocument><rsm:SupplyChainTradeTransaction><ram:ApplicableHeaderTradeSettlement><ram:InvoiceCurrencyCode>EUR</ram:InvoiceCurrencyCode><ram:SpecifiedTradeSettlementHeaderMonetarySummation><ram:GrandTotalAmount>100.00</ram:GrandTotalAmount></ram:SpecifiedTradeSettlementHeaderMonetarySummation></ram:ApplicableHeaderTradeSettlement></rsm:SupplyChainTradeTransaction></rsm:CrossIndustryInvoice>"
FX-117563,Factur-X / ZUGFeRD,"<rsm:CrossIndustryInvoice xmlns:rsm=""urn:un:unece:uncefact:data:standard:CrossIndustryInvoice:100""><rsm:ExchangedDocument><ram:ID>FX-117563</ram:ID><ram:TypeCode>380</ram:TypeCode><ram:IssueDateTime><udt:DateTimeString format=""102"">20260101</udt:DateTimeString></ram:IssueDateTime></rsm:ExchangedDocument><rsm:SupplyChainTradeTransaction><ram:ApplicableHeaderTradeSettlement><ram:InvoiceCurrencyCode>EUR</ram:InvoiceCurrencyCode><ram:SpecifiedTradeSettlementHeaderMonetarySummation><ram:GrandTotalAmount>100.00</ram:GrandTotalAmount></ram:SpecifiedTradeSettlementHeaderMonetarySummation></ram:ApplicableHeaderTradeSettlement></rsm:SupplyChainTradeTransaction></rsm:CrossIndustryInvoice>"
FX-556836,Factur-X / ZUGFeRD,"<rsm:CrossIndustryInvoice xmlns:rsm=""urn:un:unece:uncefact:data:standard:CrossIndustryInvoice:100""><rsm:ExchangedDocument><ram:ID>FX-556836</ram:ID><ram:TypeCode>380</ram:TypeCode><ram:IssueDateTime><udt:DateTimeString format=""102"">20260101</udt:DateTimeString></ram:IssueDateTime></rsm:ExchangedDocument><rsm:SupplyChainTradeTransaction><ram:ApplicableHeaderTradeSettlement><ram:InvoiceCurrencyCode>EUR</ram:InvoiceCurrencyCode><ram:SpecifiedTradeSettlementHeaderMonetarySummation><ram:GrandTotalAmount>100.00</ram:GrandTotalAmount></ram:SpecifiedTradeSettlementHeaderMonetarySummation></ram:ApplicableHeaderTradeSettlement></rsm:SupplyChainTradeTransaction></rsm:CrossIndustryInvoice>"
FX-048403,Factur-X / ZUGFeRD,"<rsm:CrossIndustryInvoice xmlns:rsm=""urn:un:unece:uncefact:data:standard:CrossIndustryInvoice:100""><rsm:ExchangedDocument><ram:ID>FX-048403</ram:ID><ram:TypeCode>380</ram:TypeCode><ram:IssueDateTime><udt:DateTimeString format=""102"">20260101</udt:DateTimeString></ram:IssueDateTime></rsm:ExchangedDocument><rsm:SupplyChainTradeTransaction><ram:ApplicableHeaderTradeSettlement><ram:InvoiceCurrencyCode>EUR</ram:InvoiceCurrencyCode><ram:SpecifiedTradeSettlementHeaderMonetarySummation><ram:GrandTotalAmount>100.00</ram:GrandTotalAmount></ram:SpecifiedTradeSettlementHeaderMonetarySummation></ram:ApplicableHeaderTradeSettlement></rsm:SupplyChainTradeTransaction></rsm:CrossIndustryInvoice>"
FX-479869,Factur-X / ZUGFeRD,"<rsm:CrossIndustryInvoice xmlns:rsm=""urn:un:unece:uncefact:data:standard:CrossIndustryInvoice:100""><rsm:ExchangedDocument><ram:ID>FX-479869</ram:ID><ram:TypeCode>380</ram:TypeCode><ram:IssueDateTime><udt:DateTimeString format=""102"">20260101</udt:DateTimeString></ram:IssueDateTime></rsm:ExchangedDocument><rsm:SupplyChainTradeTransaction><ram:ApplicableHeaderTradeSettlement><ram:InvoiceCurrencyCode>EUR</ram:InvoiceCurrencyCode><ram:SpecifiedTradeSettlementHeaderMonetarySummation><ram:GrandTotalAmount>100.00</ram:GrandTotalAmount></ram:SpecifiedTradeSettlementHeaderMonetarySummation></ram:ApplicableHeaderTradeSettlement></rsm:SupplyChainTradeTransaction></rsm:CrossIndustryInvoice>"
FX-027955,Factur-X / ZUGFeRD,"<rsm:CrossIndustryInvoice xmlns:rsm=""urn:un:unece:uncefact:data:standard:CrossIndustryInvoice:100""><rsm:ExchangedDocument><ram:ID>FX-027955</ram:ID><ram:TypeCode>380</ram:TypeCode><ram:IssueDateTime><udt:DateTimeString format=""102"">20260101</udt:DateTimeString></ram:IssueDateTime></rsm:ExchangedDocument><rsm:SupplyChainTradeTransaction><ram:ApplicableHeaderTradeSettlement><ram:InvoiceCurrencyCode>EUR</ram:InvoiceCurrencyCode><ram:SpecifiedTradeSettlementHeaderMonetarySummation><ram:GrandTotalAmount>100.00</ram:GrandTotalAmount></ram:SpecifiedTradeSettlementHeaderMonetarySummation></ram:ApplicableHeaderTradeSettlement></rsm:SupplyChainTradeTransaction></rsm:CrossIndustryInvoice>"
FX-222111,Factur-X / ZUGFeRD,"<rsm:CrossIndustryInvoice xmlns:rsm=""urn:un:unece:uncefact:data:standard:CrossIndustryInvoice:100""><rsm:ExchangedDocument><ram:ID>FX-222111</ram:ID><ram:TypeCode>380</ram:TypeCode><ram:IssueDateTime><udt:DateTimeString format=""102"">20260101</udt:DateTimeString></ram:IssueDateTime></rsm:ExchangedDocument><rsm:SupplyChainTradeTransaction><ram:ApplicableHeaderTradeSettlement><ram:InvoiceCurrencyCode>EUR</ram:InvoiceCurrencyCode><ram:SpecifiedTradeSettlementHeaderMonetarySummation><ram:GrandTotalAmount>100.00</ram:GrandTotalAmount></ram:SpecifiedTradeSettlementHeaderMonetarySummation></ram:ApplicableHeaderTradeSettlement></rsm:SupplyChainTradeTransaction></rsm:CrossIndustryInvoice>"
FX-296676,Factur-X / ZUGFeRD,"<rsm:CrossIndustryInvoice xmlns:rsm=""urn:un:unece:uncefact:data:standard:CrossIndustryInvoice:100""><rsm:ExchangedDocument><ram:ID>FX-296676</ram:ID><ram:TypeCode>380</ram:TypeCode><ram:IssueDateTime><udt:DateTimeString format=""102"">20260101</udt:DateTimeString></ram:IssueDateTime></rsm:ExchangedDocument><rsm:SupplyChainTradeTransaction><ram:ApplicableHeaderTradeSettlement><ram:InvoiceCurrencyCode>EUR</ram:InvoiceCurrencyCode><ram:SpecifiedTradeSettlementHeaderMonetarySummation><ram:GrandTotalAmount>100.00</ram:GrandTotalAmount></ram:SpecifiedTradeSettlementHeaderMonetarySummation></ram:ApplicableHeaderTradeSettlement></rsm:SupplyChainTradeTransaction></rsm:CrossIndustryInvoice>"
FX-060194,Factur-X / ZUGFeRD,"<rsm:CrossIndustryInvoice xmlns:rsm=""urn:un:unece:uncefact:data:standard:CrossIndustryInvoice:100""><rsm:ExchangedDocument><ram:ID>FX-060194</ram:ID><ram:TypeCode>380</ram:TypeCode><ram:IssueDateTime><udt:DateTimeString format=""102"">20260101</udt:DateTimeString></ram:IssueDateTime></rsm:ExchangedDocument><rsm:SupplyChainTradeTransaction><ram:ApplicableHeaderTradeSettlement><ram:InvoiceCurrencyCode>EUR</ram:InvoiceCurrencyCode><ram:SpecifiedTradeSettlementHeaderMonetarySummation><ram:GrandTotalAmount>100.00</ram:GrandTotalAmount></ram:SpecifiedTradeSettlementHeaderMonetarySummation></ram:ApplicableHeaderTradeSettlement></rsm:SupplyChainTradeTransaction></rsm:CrossIndustryInvoice>"
FX-339592,Factur-X / ZUGFeRD,"<rsm:CrossIndustryInvoice xmlns:rsm=""urn:un:unece:uncefact:data:standard:CrossIndustryInvoice:100""><rsm:ExchangedDocument><ram:ID>FX-339592</ram:ID><ram:TypeCode>380</ram:TypeCode><ram:IssueDateTime><udt:DateTimeString format=""102"">20260101</udt:DateTimeString></ram:IssueDateTime></rsm:ExchangedDocument><rsm:SupplyChainTradeTransaction><ram:ApplicableHeaderTradeSettlement><ram:InvoiceCurrencyCode>EUR</ram:InvoiceCurrencyCode><ram:SpecifiedTradeSettlementHeaderMonetarySummation><ram:GrandTotalAmount>100.00</ram:GrandTotalAmount></ram:SpecifiedTradeSettlementHeaderMonetarySummation></ram:ApplicableHeaderTradeSettlement></rsm:SupplyChainTradeTransaction></rsm:CrossIndustryInvoice>"
FX-416500,Factur-X / ZUGFeRD,"<rsm:CrossIndustryInvoice xmlns:rsm=""urn:un:unece:uncefact:data:standard:CrossIndustryInvoice:100""><rsm:ExchangedDocument><ram:ID>FX-416500</ram:ID><ram:TypeCode>380</ram:TypeCode><ram:IssueDateTime><udt:DateTimeString format=""102"">20260101</udt:DateTimeString></ram:IssueDateTime></rsm:ExchangedDocument><rsm:SupplyChainTradeTransaction><ram:ApplicableHeaderTradeSettlement><ram:InvoiceCurrencyCode>EUR</ram:InvoiceCurrencyCode><ram:SpecifiedTradeSettlementHeaderMonetarySummation><ram:GrandTotalAmount>100.00</ram:GrandTotalAmount></ram:SpecifiedTradeSettlementHeaderMonetarySummation></ram:ApplicableHeaderTradeSettlement></rsm:SupplyChainTradeTransaction></rsm:CrossIndustryInvoice>"
FX-623954,Factur-X / ZUGFeRD,"<rsm:CrossIndustryInvoice xmlns:rsm=""urn:un:unece:uncefact:data:standard:CrossIndustryInvoice:100""><rsm:ExchangedDocument><ram:ID>FX-623954</ram:ID><ram:TypeCode>380</ram:TypeCode><ram:IssueDateTime><udt:DateTimeString format=""102"">20260101</udt:DateTimeString></ram:IssueDateTime></rsm:ExchangedDocument><rsm:SupplyChainTradeTransaction><ram:ApplicableHeaderTradeSettlement><ram:InvoiceCurrencyCode>EUR</ram:InvoiceCurrencyCode><ram:SpecifiedTradeSettlementHeaderMonetarySummation><ram:GrandTotalAmount>100.00</ram:GrandTotalAmount></ram:SpecifiedTradeSettlementHeaderMonetarySummation></ram:ApplicableHeaderTradeSettlement></rsm:SupplyChainTradeTransaction></rsm:CrossIndustryInvoice>"
FX-046898,Factur-X / ZUGFeRD,"<rsm:CrossIndustryInvoice xmlns:rsm=""urn:un:unece:uncefact:data:standard:CrossIndustryInvoice:100""><rsm:ExchangedDocument><ram:ID>FX-046898</ram:ID><ram:TypeCode>380</ram:TypeCode><ram:IssueDateTime><udt:DateTimeString format=""102"">20260101</udt:DateTimeString></ram:IssueDateTime></rsm:ExchangedDocument><rsm:SupplyChainTradeTransaction><ram:ApplicableHeaderTradeSettlement><ram:InvoiceCurrencyCode>EUR</ram:InvoiceCurrencyCode><ram:SpecifiedTradeSettlementHeaderMonetarySummation><ram:GrandTotalAmount>100.00</ram:GrandTotalAmount></ram:SpecifiedTradeSettlementHeaderMonetarySummation></ram:ApplicableHeaderTradeSettlement></rsm:SupplyChainTradeTransaction></rsm:CrossIndustryInvoice>"
FX-899782,Factur-X / ZUGFeRD,"<rsm:CrossIndustryInvoice xmlns:rsm=""urn:un:unece:uncefact:data:standard:CrossIndustryInvoice:100""><rsm:ExchangedDocument><ram:ID>FX-899782</ram:ID><ram:TypeCode>380</ram:TypeCode><ram:IssueDateTime><udt:DateTimeString format=""102"">20260101</udt:DateTimeString></ram:IssueDateTime></rsm:ExchangedDocument><rsm:SupplyChainTradeTransaction><ram:ApplicableHeaderTradeSettlement><ram:InvoiceCurrencyCode>EUR</ram:InvoiceCurrencyCode><ram:SpecifiedTradeSettlementHeaderMonetarySummation><ram:GrandTotalAmount>100.00</ram:GrandTotalAmount></ram:SpecifiedTradeSettlementHeaderMonetarySummation></ram:ApplicableHeaderTradeSettlement></rsm:SupplyChainTradeTransaction></rsm:CrossIndustryInvoice>"
FX-487404,Factur-X / ZUGFeRD,"<rsm:CrossIndustryInvoice xmlns:rsm=""urn:un:unece:uncefact:data:standard:CrossIndustryInvoice:100""><rsm:ExchangedDocument><ram:ID>FX-487404</ram:ID><ram:TypeCode>380</ram:TypeCode><ram:IssueDateTime><udt:DateTimeString format=""102"">20260101</udt:DateTimeString></ram:IssueDateTime></rsm:ExchangedDocument><rsm:SupplyChainTradeTransaction><ram:ApplicableHeaderTradeSettlement><ram:InvoiceCurrencyCode>EUR</ram:InvoiceCurrencyCode><ram:SpecifiedTradeSettlementHeaderMonetarySummation><ram:GrandTotalAmount>100.00</ram:GrandTotalAmount></ram:SpecifiedTradeSettlementHeaderMonetarySummation></ram:ApplicableHeaderTradeSettlement></rsm:SupplyChainTradeTransaction></rsm:CrossIndustryInvoice>"
FX-504031,Factur-X / ZUGFeRD,"<rsm:CrossIndustryInvoice xmlns:rsm=""urn:un:unece:uncefact:data:standard:CrossIndustryInvoice:100""><rsm:ExchangedDocument><ram:ID>FX-504031</ram:ID><ram:TypeCode>380</ram:TypeCode><ram:IssueDateTime><udt:DateTimeString format=""102"">20260101</udt:DateTimeString></ram:IssueDateTime></rsm:ExchangedDocument><rsm:SupplyChainTradeTransaction><ram:ApplicableHeaderTradeSettlement><ram:InvoiceCurrencyCode>EUR</ram:InvoiceCurrencyCode><ram:SpecifiedTradeSettlementHeaderMonetarySummation><ram:GrandTotalAmount>100.00</ram:GrandTotalAmount></ram:SpecifiedTradeSettlementHeaderMonetarySummation></ram:ApplicableHeaderTradeSettlement></rsm:SupplyChainTradeTransaction></rsm:CrossIndustryInvoice>"
FX-107340,Factur-X / ZUGFeRD,"<rsm:CrossIndustryInvoice xmlns:rsm=""urn:un:unece:uncefact:data:standard:CrossIndustryInvoice:100""><rsm:ExchangedDocument><ram:ID>FX-107340</ram:ID><ram:TypeCode>380</ram:TypeCode><ram:IssueDateTime><udt:DateTimeString format=""102"">20260101</udt:DateTimeString></ram:IssueDateTime></rsm:ExchangedDocument><rsm:SupplyChainTradeTransaction><ram:ApplicableHeaderTradeSettlement><ram:InvoiceCurrencyCode>EUR</ram:InvoiceCurrencyCode><ram:SpecifiedTradeSettlementHeaderMonetarySummation><ram:GrandTotalAmount>100.00</ram:GrandTotalAmount></ram:SpecifiedTradeSettlementHeaderMonetarySummation></ram:ApplicableHeaderTradeSettlement></rsm:SupplyChainTradeTransaction></rsm:CrossIndustryInvoice>"
FX-029227,Factur-X / ZUGFeRD,"<rsm:CrossIndustryInvoice xmlns:rsm=""urn:un:unece:uncefact:data:standard:CrossIndustryInvoice:100""><rsm:ExchangedDocument><ram:ID>FX-029227</ram:ID><ram:TypeCode>380</ram:TypeCode><ram:IssueDateTime><udt:DateTimeString format=""102"">20260101</udt:DateTimeString></ram:IssueDateTime></rsm:ExchangedDocument><rsm:SupplyChainTradeTransaction><ram:ApplicableHeaderTradeSettlement><ram:InvoiceCurrencyCode>EUR</ram:InvoiceCurrencyCode><ram:SpecifiedTradeSettlementHeaderMonetarySummation><ram:GrandTotalAmount>100.00</ram:GrandTotalAmount></ram:SpecifiedTradeSettlementHeaderMonetarySummation></ram:ApplicableHeaderTradeSettlement></rsm:SupplyChainTradeTransaction></rsm:CrossIndustryInvoice>"
FX-038034,Factur-X / ZUGFeRD,"<rsm:CrossIndustryInvoice xmlns:rsm=""urn:un:unece:uncefact:data:standard:CrossIndustryInvoice:100""><rsm:ExchangedDocument><ram:ID>FX-038034</ram:ID><ram:TypeCode>380</ram:TypeCode><ram:IssueDateTime><udt:DateTimeString format=""102"">20260101</udt:DateTimeString></ram:IssueDateTime></rsm:ExchangedDocument><rsm:SupplyChainTradeTransaction><ram:ApplicableHeaderTradeSettlement><ram:InvoiceCurrencyCode>EUR</ram:InvoiceCurrencyCode><ram:SpecifiedTradeSettlementHeaderMonetarySummation><ram:GrandTotalAmount>100.00</ram:GrandTotalAmount></ram:SpecifiedTradeSettlementHeaderMonetarySummation></ram:ApplicableHeaderTradeSettlement></rsm:SupplyChainTradeTransaction></rsm:CrossIndustryInvoice>"
FX-393259,Factur-X / ZUGFeRD,"<rsm:CrossIndustryInvoice xmlns:rsm=""urn:un:unece:uncefact:data:standard:CrossIndustryInvoice:100""><rsm:ExchangedDocument><ram:ID>FX-393259</ram:ID><ram:TypeCode>380</ram:TypeCode><ram:IssueDateTime><udt:DateTimeString format=""102"">20260101</udt:DateTimeString></ram:IssueDateTime></rsm:ExchangedDocument><rsm:SupplyChainTradeTransaction><ram:ApplicableHeaderTradeSettlement><ram:InvoiceCurrencyCode>EUR</ram:InvoiceCurrencyCode><ram:SpecifiedTradeSettlementHeaderMonetarySummation><ram:GrandTotalAmount>100.00</ram:GrandTotalAmount></ram:SpecifiedTradeSettlementHeaderMonetarySummation></ram:ApplicableHeaderTradeSettlement></rsm:SupplyChainTradeTransaction></rsm:CrossIndustryInvoice>"
FX-221159,Factur-X / ZUGFeRD,"<rsm:CrossIndustryInvoice xmlns:rsm=""urn:un:unece:uncefact:data:standard:CrossIndustryInvoice:100""><rsm:ExchangedDocument><ram:ID>FX-221159</ram:ID><ram:TypeCode>380</ram:TypeCode><ram:IssueDateTime><udt:DateTimeString format=""102"">20260101</udt:DateTimeString></ram:IssueDateTime></rsm:ExchangedDocument><rsm:SupplyChainTradeTransaction><ram:ApplicableHeaderTradeSettlement><ram:InvoiceCurrencyCode>EUR</ram:InvoiceCurrencyCode><ram:SpecifiedTradeSettlementHeaderMonetarySummation><ram:GrandTotalAmount>100.00</ram:GrandTotalAmount></ram:SpecifiedTradeSettlementHeaderMonetarySummation></ram:ApplicableHeaderTradeSettlement></rsm:SupplyChainTradeTransaction></rsm:CrossIndustryInvoice>"
FX-257292,Factur-X / ZUGFeRD,"<rsm:CrossIndustryInvoice xmlns:rsm=""urn:un:unece:uncefact:data:standard:CrossIndustryInvoice:100""><rsm:ExchangedDocument><ram:ID>FX-257292</ram:ID><ram:TypeCode>380</ram:TypeCode><ram:IssueDateTime><udt:DateTimeString format=""102"">20260101</udt:DateTimeString></ram:IssueDateTime></rsm:ExchangedDocument><rsm:SupplyChainTradeTransaction><ram:ApplicableHeaderTradeSettlement><ram:InvoiceCurrencyCode>EUR</ram:InvoiceCurrencyCode><ram:SpecifiedTradeSettlementHeaderMonetarySummation><ram:GrandTotalAmount>100.00</ram:GrandTotalAmount></ram:SpecifiedTradeSettlementHeaderMonetarySummation></ram:ApplicableHeaderTradeSettlement></rsm:SupplyChainTradeTransaction></rsm:CrossIndustryInvoice>"
FX-633680,Factur-X / ZUGFeRD,"<rsm:CrossIndustryInvoice xmlns:rsm=""urn:un:unece:uncefact:data:standard:CrossIndustryInvoice:100""><rsm:ExchangedDocument><ram:ID>FX-633680</ram:ID><ram:TypeCode>380</ram:TypeCode><ram:IssueDateTime><udt:DateTimeString format=""102"">20260101</udt:DateTimeString></ram:IssueDateTime></rsm:ExchangedDocument><rsm:SupplyChainTradeTransaction><ram:ApplicableHeaderTradeSettlement><ram:InvoiceCurrencyCode>EUR</ram:InvoiceCurrencyCode><ram:SpecifiedTradeSettlementHeaderMonetarySummation><ram:GrandTotalAmount>100.00</ram:GrandTotalAmount></ram:SpecifiedTradeSettlementHeaderMonetarySummation></ram:ApplicableHeaderTradeSettlement></rsm:SupplyChainTradeTransaction></rsm:CrossIndustryInvoice>"
FX-946747,Factur-X / ZUGFeRD,"<rsm:CrossIndustryInvoice xmlns:rsm=""urn:un:unece:uncefact:data:standard:CrossIndustryInvoice:100""><rsm:ExchangedDocument><ram:ID>FX-946747</ram:ID><ram:TypeCode>380</ram:TypeCode><ram:IssueDateTime><udt:DateTimeString format=""102"">20260101</udt:DateTimeString></ram:IssueDateTime></rsm:ExchangedDocument><rsm:SupplyChainTradeTransaction><ram:ApplicableHeaderTradeSettlement><ram:InvoiceCurrencyCode>EUR</ram:InvoiceCurrencyCode><ram:SpecifiedTradeSettlementHeaderMonetarySummation><ram:GrandTotalAmount>100.00</ram:GrandTotalAmount></ram:SpecifiedTradeSettlementHeaderMonetarySummation></ram:ApplicableHeaderTradeSettlement></rsm:SupplyChainTradeTransaction></rsm:CrossIndustryInvoice>"
FX-487675,Factur-X / ZUGFeRD,"<rsm:CrossIndustryInvoice xmlns:rsm=""urn:un:unece:uncefact:data:standard:CrossIndustryInvoice:100""><rsm:ExchangedDocument><ram:ID>FX-487675</ram:ID><ram:TypeCode>380</ram:TypeCode><ram:IssueDateTime><udt:DateTimeString format=""102"">20260101</udt:DateTimeString></ram:IssueDateTime></rsm:ExchangedDocument><rsm:SupplyChainTradeTransaction><ram:ApplicableHeaderTradeSettlement><ram:InvoiceCurrencyCode>EUR</ram:InvoiceCurrencyCode><ram:SpecifiedTradeSettlementHeaderMonetarySummation><ram:GrandTotalAmount>100.00</ram:GrandTotalAmount></ram:SpecifiedTradeSettlementHeaderMonetarySummation></ram:ApplicableHeaderTradeSettlement></rsm:SupplyChainTradeTransaction></rsm:CrossIndustryInvoice>"
FX-628339,Factur-X / ZUGFeRD,"<rsm:CrossIndustryInvoice xmlns:rsm=""urn:un:unece:uncefact:data:standard:CrossIndustryInvoice:100""><rsm:ExchangedDocument><ram:ID>FX-628339</ram:ID><ram:TypeCode>380</ram:TypeCode><ram:IssueDateTime><udt:DateTimeString format=""102"">20260101</udt:DateTimeString></ram:IssueDateTime></rsm:ExchangedDocument><rsm:SupplyChainTradeTransaction><ram:ApplicableHeaderTradeSettlement><ram:InvoiceCurrencyCode>EUR</ram:InvoiceCurrencyCode><ram:SpecifiedTradeSettlementHeaderMonetarySummation><ram:GrandTotalAmount>100.00</ram:GrandTotalAmount></ram:SpecifiedTradeSettlementHeaderMonetarySummation></ram:ApplicableHeaderTradeSettlement></rsm:SupplyChainTradeTransaction></rsm:CrossIndustryInvoice>"
FX-713525,Factur-X / ZUGFeRD,"<rsm:CrossIndustryInvoice xmlns:rsm=""urn:un:unece:uncefact:data:standard:CrossIndustryInvoice:100""><rsm:ExchangedDocument><ram:ID>FX-713525</ram:ID><ram:TypeCode>380</ram:TypeCode><ram:IssueDateTime><udt:DateTimeString format=""102"">20260101</udt:DateTimeString></ram:IssueDateTime></rsm:ExchangedDocument><rsm:SupplyChainTradeTransaction><ram:ApplicableHeaderTradeSettlement><ram:InvoiceCurrencyCode>EUR</ram:InvoiceCurrencyCode><ram:SpecifiedTradeSettlementHeaderMonetarySummation><ram:GrandTotalAmount>100.00</ram:GrandTotalAmount></ram:SpecifiedTradeSettlementHeaderMonetarySummation></ram:ApplicableHeaderTradeSettlement></rsm:SupplyChainTradeTransaction></rsm:CrossIndustryInvoice>"
FX-989460,Factur-X / ZUGFeRD,"<rsm:CrossIndustryInvoice xmlns:rsm=""urn:un:unece:uncefact:data:standard:CrossIndustryInvoice:100""><rsm:ExchangedDocument><ram:ID>FX-989460</ram:ID><ram:TypeCode>380</ram:TypeCode><ram:IssueDateTime><udt:DateTimeString format=""102"">20260101</udt:DateTimeString></ram:IssueDateTime></rsm:ExchangedDocument><rsm:SupplyChainTradeTransaction><ram:ApplicableHeaderTradeSettlement><ram:InvoiceCurrencyCode>EUR</ram:InvoiceCurrencyCode><ram:SpecifiedTradeSettlementHeaderMonetarySummation><ram:GrandTotalAmount>100.00</ram:GrandTotalAmount></ram:SpecifiedTradeSettlementHeaderMonetarySummation></ram:ApplicableHeaderTradeSettlement></rsm:SupplyChainTradeTransaction></rsm:CrossIndustryInvoice>"
FX-837643,Factur-X / ZUGFeRD,"<rsm:CrossIndustryInvoice xmlns:rsm=""urn:un:unece:uncefact:data:standard:CrossIndustryInvoice:100""><rsm:ExchangedDocument><ram:ID>FX-837643</ram:ID><ram:TypeCode>380</ram:TypeCode><ram:IssueDateTime><udt:DateTimeString format=""102"">20260101</udt:DateTimeString></ram:IssueDateTime></rsm:ExchangedDocument><rsm:SupplyChainTradeTransaction><ram:ApplicableHeaderTradeSettlement><ram:InvoiceCurrencyCode>EUR</ram:InvoiceCurrencyCode><ram:SpecifiedTradeSettlementHeaderMonetarySummation><ram:GrandTotalAmount>100.00</ram:GrandTotalAmount></ram:SpecifiedTradeSettlementHeaderMonetarySummation></ram:ApplicableHeaderTradeSettlement></rsm:SupplyChainTradeTransaction></rsm:CrossIndustryInvoice>"
FX-287450,Factur-X / ZUGFeRD,"<rsm:CrossIndustryInvoice xmlns:rsm=""urn:un:unece:uncefact:data:standard:CrossIndustryInvoice:100""><rsm:ExchangedDocument><ram:ID>FX-287450</ram:ID><ram:TypeCode>380</ram:TypeCode><ram:IssueDateTime><udt:DateTimeString format=""102"">20260101</udt:DateTimeString></ram:IssueDateTime></rsm:ExchangedDocument><rsm:SupplyChainTradeTransaction><ram:ApplicableHeaderTradeSettlement><ram:InvoiceCurrencyCode>EUR</ram:InvoiceCurrencyCode><ram:SpecifiedTradeSettlementHeaderMonetarySummation><ram:GrandTotalAmount>100.00</ram:GrandTotalAmount></ram:SpecifiedTradeSettlementHeaderMonetarySummation></ram:ApplicableHeaderTradeSettlement></rsm:SupplyChainTradeTransaction></rsm:CrossIndustryInvoice>"
FX-961075,Factur-X / ZUGFeRD,"<rsm:CrossIndustryInvoice xmlns:rsm=""urn:un:unece:uncefact:data:standard:CrossIndustryInvoice:100""><rsm:ExchangedDocument><ram:ID>FX-961075</ram:ID><ram:TypeCode>380</ram:TypeCode><ram:IssueDateTime><udt:DateTimeString format=""102"">20260101</udt:DateTimeString></ram:IssueDateTime></rsm:ExchangedDocument><rsm:SupplyChainTradeTransaction><ram:ApplicableHeaderTradeSettlement><ram:InvoiceCurrencyCode>EUR</ram:InvoiceCurrencyCode><ram:SpecifiedTradeSettlementHeaderMonetarySummation><ram:GrandTotalAmount>100.00</ram:GrandTotalAmount></ram:SpecifiedTradeSettlementHeaderMonetarySummation></ram:ApplicableHeaderTradeSettlement></rsm:SupplyChainTradeTransaction></rsm:CrossIndustryInvoice>"
FX-409990,Factur-X / ZUGFeRD,"<rsm:CrossIndustryInvoice xmlns:rsm=""urn:un:unece:uncefact:data:standard:CrossIndustryInvoice:100""><rsm:ExchangedDocument><ram:ID>FX-409990</ram:ID><ram:TypeCode>380</ram:TypeCode><ram:IssueDateTime><udt:DateTimeString format=""102"">20260101</udt:DateTimeString></ram:IssueDateTime></rsm:ExchangedDocument><rsm:SupplyChainTradeTransaction><ram:ApplicableHeaderTradeSettlement><ram:InvoiceCurrencyCode>EUR</ram:InvoiceCurrencyCode><ram:SpecifiedTradeSettlementHeaderMonetarySummation><ram:GrandTotalAmount>100.00</ram:GrandTotalAmount></ram:SpecifiedTradeSettlementHeaderMonetarySummation></ram:ApplicableHeaderTradeSettlement></rsm:SupplyChainTradeTransaction></rsm:CrossIndustryInvoice>"
FX-344776,Factur-X / ZUGFeRD,"<rsm:CrossIndustryInvoice xmlns:rsm=""urn:un:unece:uncefact:data:standard:CrossIndustryInvoice:100""><rsm:ExchangedDocument><ram:ID>FX-344776</ram:ID><ram:TypeCode>380</ram:TypeCode><ram:IssueDateTime><udt:DateTimeString format=""102"">20260101</udt:DateTimeString></ram:IssueDateTime></rsm:ExchangedDocument><rsm:SupplyChainTradeTransaction><ram:ApplicableHeaderTradeSettlement><ram:InvoiceCurrencyCode>EUR</ram:InvoiceCurrencyCode><ram:SpecifiedTradeSettlementHeaderMonetarySummation><ram:GrandTotalAmount>100.00</ram:GrandTotalAmount></ram:SpecifiedTradeSettlementHeaderMonetarySummation></ram:ApplicableHeaderTradeSettlement></rsm:SupplyChainTradeTransaction></rsm:CrossIndustryInvoice>"
FX-322882,Factur-X / ZUGFeRD,"<rsm:CrossIndustryInvoice xmlns:rsm=""urn:un:unece:uncefact:data:standard:CrossIndustryInvoice:100""><rsm:ExchangedDocument><ram:ID>FX-322882</ram:ID><ram:TypeCode>380</ram:TypeCode><ram:IssueDateTime><udt:DateTimeString format=""102"">20260101</udt:DateTimeString></ram:IssueDateTime></rsm:ExchangedDocument><rsm:SupplyChainTradeTransaction><ram:ApplicableHeaderTradeSettlement><ram:InvoiceCurrencyCode>EUR</ram:InvoiceCurrencyCode><ram:SpecifiedTradeSettlementHeaderMonetarySummation><ram:GrandTotalAmount>100.00</ram:GrandTotalAmount></ram:SpecifiedTradeSettlementHeaderMonetarySummation></ram:ApplicableHeaderTradeSettlement></rsm:SupplyChainTradeTransaction></rsm:CrossIndustryInvoice>"
FX-050826,Factur-X / ZUGFeRD,"<rsm:CrossIndustryInvoice xmlns:rsm=""urn:un:unece:uncefact:data:standard:CrossIndustryInvoice:100""><rsm:ExchangedDocument><ram:ID>FX-050826</ram:ID><ram:TypeCode>380</ram:TypeCode><ram:IssueDateTime><udt:DateTimeString format=""102"">20260101</udt:DateTimeString></ram:IssueDateTime></rsm:ExchangedDocument><rsm:SupplyChainTradeTransaction><ram:ApplicableHeaderTradeSettlement><ram:InvoiceCurrencyCode>EUR</ram:InvoiceCurrencyCode><ram:SpecifiedTradeSettlementHeaderMonetarySummation><ram:GrandTotalAmount>100.00</ram:GrandTotalAmount></ram:SpecifiedTradeSettlementHeaderMonetarySummation></ram:ApplicableHeaderTradeSettlement></rsm:SupplyChainTradeTransaction></rsm:CrossIndustryInvoice>"
FX-198329,Factur-X / ZUGFeRD,"<rsm:CrossIndustryInvoice xmlns:rsm=""urn:un:unece:uncefact:data:standard:CrossIndustryInvoice:100""><rsm:ExchangedDocument><ram:ID>FX-198329</ram:ID><ram:TypeCode>380</ram:TypeCode><ram:IssueDateTime><udt:DateTimeString format=""102"">20260101</udt:DateTimeString></ram:IssueDateTime></rsm:ExchangedDocument><rsm:SupplyChainTradeTransaction><ram:ApplicableHeaderTradeSettlement><ram:InvoiceCurrencyCode>EUR</ram:InvoiceCurrencyCode><ram:SpecifiedTradeSettlementHeaderMonetarySummation><ram:GrandTotalAmount>100.00</ram:GrandTotalAmount></ram:SpecifiedTradeSettlementHeaderMonetarySummation></ram:ApplicableHeaderTradeSettlement></rsm:SupplyChainTradeTransaction></rsm:CrossIndustryInvoice>"
FX-929384,Factur-X / ZUGFeRD,"<rsm:CrossIndustryInvoice xmlns:rsm=""urn:un:unece:uncefact:data:standard:CrossIndustryInvoice:100""><rsm:ExchangedDocument><ram:ID>FX-929384</ram:ID><ram:TypeCode>380</ram:TypeCode><ram:IssueDateTime><udt:DateTimeString format=""102"">20260101</udt:DateTimeString></ram:IssueDateTime></rsm:ExchangedDocument><rsm:SupplyChainTradeTransaction><ram:ApplicableHeaderTradeSettlement><ram:InvoiceCurrencyCode>EUR</ram:InvoiceCurrencyCode><ram:SpecifiedTradeSettlementHeaderMonetarySummation><ram:GrandTotalAmount>100.00</ram:GrandTotalAmount></ram:SpecifiedTradeSettlementHeaderMonetarySummation></ram:ApplicableHeaderTradeSettlement></rsm:SupplyChainTradeTransaction></rsm:CrossIndustryInvoice>"
FX-903620,Factur-X / ZUGFeRD,"<rsm:CrossIndustryInvoice xmlns:rsm=""urn:un:unece:uncefact:data:standard:CrossIndustryInvoice:100""><rsm:ExchangedDocument><ram:ID>FX-903620</ram:ID><ram:TypeCode>380</ram:TypeCode><ram:IssueDateTime><udt:DateTimeString format=""102"">20260101</udt:DateTimeString></ram:IssueDateTime></rsm:ExchangedDocument><rsm:SupplyChainTradeTransaction><ram:ApplicableHeaderTradeSettlement><ram:InvoiceCurrencyCode>EUR</ram:InvoiceCurrencyCode><ram:SpecifiedTradeSettlementHeaderMonetarySummation><ram:GrandTotalAmount>100.00</ram:GrandTotalAmount></ram:SpecifiedTradeSettlementHeaderMonetarySummation></ram:ApplicableHeaderTradeSettlement></rsm:SupplyChainTradeTransaction></rsm:CrossIndustryInvoice>"
FX-083521,Factur-X / ZUGFeRD,"<rsm:CrossIndustryInvoice xmlns:rsm=""urn:un:unece:uncefact:data:standard:CrossIndustryInvoice:100""><rsm:ExchangedDocument><ram:ID>FX-083521</ram:ID><ram:TypeCode>380</ram:TypeCode><ram:IssueDateTime><udt:DateTimeString format=""102"">20260101</udt:DateTimeString></ram:IssueDateTime></rsm:ExchangedDocument><rsm:SupplyChainTradeTransaction><ram:ApplicableHeaderTradeSettlement><ram:InvoiceCurrencyCode>EUR</ram:InvoiceCurrencyCode><ram:SpecifiedTradeSettlementHeaderMonetarySummation><ram:GrandTotalAmount>100.00</ram:GrandTotalAmount></ram:SpecifiedTradeSettlementHeaderMonetarySummation></ram:ApplicableHeaderTradeSettlement></rsm:SupplyChainTradeTransaction></rsm:CrossIndustryInvoice>"
FX-064804,Factur-X / ZUGFeRD,"<rsm:CrossIndustryInvoice xmlns:rsm=""urn:un:unece:uncefact:data:standard:CrossIndustryInvoice:100""><rsm:ExchangedDocument><ram:ID>FX-064804</ram:ID><ram:TypeCode>380</ram:TypeCode><ram:IssueDateTime><udt:DateTimeString format=""102"">20260101</udt:DateTimeString></ram:IssueDateTime></rsm:ExchangedDocument><rsm:SupplyChainTradeTransaction><ram:ApplicableHeaderTradeSettlement><ram:InvoiceCurrencyCode>EUR</ram:InvoiceCurrencyCode><ram:SpecifiedTradeSettlementHeaderMonetarySummation><ram:GrandTotalAmount>100.00</ram:GrandTotalAmount></ram:SpecifiedTradeSettlementHeaderMonetarySummation></ram:ApplicableHeaderTradeSettlement></rsm:SupplyChainTradeTransaction></rsm:CrossIndustryInvoice>"
FX-507558,Factur-X / ZUGFeRD,"<rsm:CrossIndustryInvoice xmlns:rsm=""urn:un:unece:uncefact:data:standard:CrossIndustryInvoice:100""><rsm:ExchangedDocument><ram:ID>FX-507558</ram:ID><ram:TypeCode>380</ram:TypeCode><ram:IssueDateTime><udt:DateTimeString format=""102"">20260101</udt:DateTimeString></ram:IssueDateTime></rsm:ExchangedDocument><rsm:SupplyChainTradeTransaction><ram:ApplicableHeaderTradeSettlement><ram:InvoiceCurrencyCode>EUR</ram:InvoiceCurrencyCode><ram:SpecifiedTradeSettlementHeaderMonetarySummation><ram:GrandTotalAmount>100.00</ram:GrandTotalAmount></ram:SpecifiedTradeSettlementHeaderMonetarySummation></ram:ApplicableHeaderTradeSettlement></rsm:SupplyChainTradeTransaction></rsm:CrossIndustryInvoice>"
FX-326515,Factur-X / ZUGFeRD,"<rsm:CrossIndustryInvoice xmlns:rsm=""urn:un:unece:uncefact:data:standard:CrossIndustryInvoice:100""><rsm:ExchangedDocument><ram:ID>FX-326515</ram:ID><ram:TypeCode>380</ram:TypeCode><ram:IssueDateTime><udt:DateTimeString format=""102"">20260101</udt:DateTimeString></ram:IssueDateTime></rsm:ExchangedDocument><rsm:SupplyChainTradeTransaction><ram:ApplicableHeaderTradeSettlement><ram:InvoiceCurrencyCode>EUR</ram:InvoiceCurrencyCode><ram:SpecifiedTradeSettlementHeaderMonetarySummation><ram:GrandTotalAmount>100.00</ram:GrandTotalAmount></ram:SpecifiedTradeSettlementHeaderMonetarySummation></ram:ApplicableHeaderTradeSettlement></rsm:SupplyChainTradeTransaction></rsm:CrossIndustryInvoice>"
FX-183473,Factur-X / ZUGFeRD,"<rsm:CrossIndustryInvoice xmlns:rsm=""urn:un:unece:uncefact:data:standard:CrossIndustryInvoice:100""><rsm:ExchangedDocument><ram:ID>FX-183473</ram:ID><ram:TypeCode>380</ram:TypeCode><ram:IssueDateTime><udt:DateTimeString format=""102"">20260101</udt:DateTimeString></ram:IssueDateTime></rsm:ExchangedDocument><rsm:SupplyChainTradeTransaction><ram:ApplicableHeaderTradeSettlement><ram:InvoiceCurrencyCode>EUR</ram:InvoiceCurrencyCode><ram:SpecifiedTradeSettlementHeaderMonetarySummation><ram:GrandTotalAmount>100.00</ram:GrandTotalAmount></ram:SpecifiedTradeSettlementHeaderMonetarySummation></ram:ApplicableHeaderTradeSettlement></rsm:SupplyChainTradeTransaction></rsm:CrossIndustryInvoice>"
FX-028376,Factur-X / ZUGFeRD,"<rsm:CrossIndustryInvoice xmlns:rsm=""urn:un:unece:uncefact:data:standard:CrossIndustryInvoice:100""><rsm:ExchangedDocument><ram:ID>FX-028376</ram:ID><ram:TypeCode>380</ram:TypeCode><ram:IssueDateTime><udt:DateTimeString format=""102"">20260101</udt:DateTimeString></ram:IssueDateTime></rsm:ExchangedDocument><rsm:SupplyChainTradeTransaction><ram:ApplicableHeaderTradeSettlement><ram:InvoiceCurrencyCode>EUR</ram:InvoiceCurrencyCode><ram:SpecifiedTradeSettlementHeaderMonetarySummation><ram:GrandTotalAmount>100.00</ram:GrandTotalAmount></ram:SpecifiedTradeSettlementHeaderMonetarySummation></ram:ApplicableHeaderTradeSettlement></rsm:SupplyChainTradeTransaction></rsm:CrossIndustryInvoice>"
FX-872036,Factur-X / ZUGFeRD,"<rsm:CrossIndustryInvoice xmlns:rsm=""urn:un:unece:uncefact:data:standard:CrossIndustryInvoice:100""><rsm:ExchangedDocument><ram:ID>FX-872036</ram:ID><ram:TypeCode>380</ram:TypeCode><ram:IssueDateTime><udt:DateTimeString format=""102"">20260101</udt:DateTimeString></ram:IssueDateTime></rsm:ExchangedDocument><rsm:SupplyChainTradeTransaction><ram:ApplicableHeaderTradeSettlement><ram:InvoiceCurrencyCode>EUR</ram:InvoiceCurrencyCode><ram:SpecifiedTradeSettlementHeaderMonetarySummation><ram:GrandTotalAmount>100.00</ram:GrandTotalAmount></ram:SpecifiedTradeSettlementHeaderMonetarySummation></ram:ApplicableHeaderTradeSettlement></rsm:SupplyChainTradeTransaction></rsm:CrossIndustryInvoice>"
FX-781121,Factur-X / ZUGFeRD,"<rsm:CrossIndustryInvoice xmlns:rsm=""urn:un:unece:uncefact:data:standard:CrossIndustryInvoice:100""><rsm:ExchangedDocument><ram:ID>FX-781121</ram:ID><ram:TypeCode>380</ram:TypeCode><ram:IssueDateTime><udt:DateTimeString format=""102"">20260101</udt:DateTimeString></ram:IssueDateTime></rsm:ExchangedDocument><rsm:SupplyChainTradeTransaction><ram:ApplicableHeaderTradeSettlement><ram:InvoiceCurrencyCode>EUR</ram:InvoiceCurrencyCode><ram:SpecifiedTradeSettlementHeaderMonetarySummation><ram:GrandTotalAmount>100.00</ram:GrandTotalAmount></ram:SpecifiedTradeSettlementHeaderMonetarySummation></ram:ApplicableHeaderTradeSettlement></rsm:SupplyChainTradeTransaction></rsm:CrossIndustryInvoice>"
FX-574365,Factur-X / ZUGFeRD,"<rsm:CrossIndustryInvoice xmlns:rsm=""urn:un:unece:uncefact:data:standard:CrossIndustryInvoice:100""><rsm:ExchangedDocument><ram:ID>FX-574365</ram:ID><ram:TypeCode>380</ram:TypeCode><ram:IssueDateTime><udt:DateTimeString format=""102"">20260101</udt:DateTimeString></ram:IssueDateTime></rsm:ExchangedDocument><rsm:SupplyChainTradeTransaction><ram:ApplicableHeaderTradeSettlement><ram:InvoiceCurrencyCode>EUR</ram:InvoiceCurrencyCode><ram:SpecifiedTradeSettlementHeaderMonetarySummation><ram:GrandTotalAmount>100.00</ram:GrandTotalAmount></ram:SpecifiedTradeSettlementHeaderMonetarySummation></ram:ApplicableHeaderTradeSettlement></rsm:SupplyChainTradeTransaction></rsm:CrossIndustryInvoice>"
FX-255491,Factur-X / ZUGFeRD,"<rsm:CrossIndustryInvoice xmlns:rsm=""urn:un:unece:uncefact:data:standard:CrossIndustryInvoice:100""><rsm:ExchangedDocument><ram:ID>FX-255491</ram:ID><ram:TypeCode>380</ram:TypeCode><ram:IssueDateTime><udt:DateTimeString format=""102"">20260101</udt:DateTimeString></ram:IssueDateTime></rsm:ExchangedDocument><rsm:SupplyChainTradeTransaction><ram:ApplicableHeaderTradeSettlement><ram:InvoiceCurrencyCode>EUR</ram:InvoiceCurrencyCode><ram:SpecifiedTradeSettlementHeaderMonetarySummation><ram:GrandTotalAmount>100.00</ram:GrandTotalAmount></ram:SpecifiedTradeSettlementHeaderMonetarySummation></ram:ApplicableHeaderTradeSettlement></rsm:SupplyChainTradeTransaction></rsm:CrossIndustryInvoice>"
FX-122736,Factur-X / ZUGFeRD,"<rsm:CrossIndustryInvoice xmlns:rsm=""urn:un:unece:uncefact:data:standard:CrossIndustryInvoice:100""><rsm:ExchangedDocument><ram:ID>FX-122736</ram:ID><ram:TypeCode>380</ram:TypeCode><ram:IssueDateTime><udt:DateTimeString format=""102"">20260101</udt:DateTimeString></ram:IssueDateTime></rsm:ExchangedDocument><rsm:SupplyChainTradeTransaction><ram:ApplicableHeaderTradeSettlement><ram:InvoiceCurrencyCode>EUR</ram:InvoiceCurrencyCode><ram:SpecifiedTradeSettlementHeaderMonetarySummation><ram:GrandTotalAmount>100.00</ram:GrandTotalAmount></ram:SpecifiedTradeSettlementHeaderMonetarySummation></ram:ApplicableHeaderTradeSettlement></rsm:SupplyChainTradeTransaction></rsm:CrossIndustryInvoice>"
FX-531637,Factur-X / ZUGFeRD,"<rsm:CrossIndustryInvoice xmlns:rsm=""urn:un:unece:uncefact:data:standard:CrossIndustryInvoice:100""><rsm:ExchangedDocument><ram:ID>FX-531637</ram:ID><ram:TypeCode>380</ram:TypeCode><ram:IssueDateTime><udt:DateTimeString format=""102"">20260101</udt:DateTimeString></ram:IssueDateTime></rsm:ExchangedDocument><rsm:SupplyChainTradeTransaction><ram:ApplicableHeaderTradeSettlement><ram:InvoiceCurrencyCode>EUR</ram:InvoiceCurrencyCode><ram:SpecifiedTradeSettlementHeaderMonetarySummation><ram:GrandTotalAmount>100.00</ram:GrandTotalAmount></ram:SpecifiedTradeSettlementHeaderMonetarySummation></ram:ApplicableHeaderTradeSettlement></rsm:SupplyChainTradeTransaction></rsm:CrossIndustryInvoice>"
FX-182100,Factur-X / ZUGFeRD,"<rsm:CrossIndustryInvoice xmlns:rsm=""urn:un:unece:uncefact:data:standard:CrossIndustryInvoice:100""><rsm:ExchangedDocument><ram:ID>FX-182100</ram:ID><ram:TypeCode>380</ram:TypeCode><ram:IssueDateTime><udt:DateTimeString format=""102"">20260101</udt:DateTimeString></ram:IssueDateTime></rsm:ExchangedDocument><rsm:SupplyChainTradeTransaction><ram:ApplicableHeaderTradeSettlement><ram:InvoiceCurrencyCode>EUR</ram:InvoiceCurrencyCode><ram:SpecifiedTradeSettlementHeaderMonetarySummation><ram:GrandTotalAmount>100.00</ram:GrandTotalAmount></ram:SpecifiedTradeSettlementHeaderMonetarySummation></ram:ApplicableHeaderTradeSettlement></rsm:SupplyChainTradeTransaction></rsm:CrossIndustryInvoice>"
FX-043788,Factur-X / ZUGFeRD,"<rsm:CrossIndustryInvoice xmlns:rsm=""urn:un:unece:uncefact:data:standard:CrossIndustryInvoice:100""><rsm:ExchangedDocument><ram:ID>FX-043788</ram:ID><ram:TypeCode>380</ram:TypeCode><ram:IssueDateTime><udt:DateTimeString format=""102"">20260101</udt:DateTimeString></ram:IssueDateTime></rsm:ExchangedDocument><rsm:SupplyChainTradeTransaction><ram:ApplicableHeaderTradeSettlement><ram:InvoiceCurrencyCode>EUR</ram:InvoiceCurrencyCode><ram:SpecifiedTradeSettlementHeaderMonetarySummation><ram:GrandTotalAmount>100.00</ram:GrandTotalAmount></ram:SpecifiedTradeSettlementHeaderMonetarySummation></ram:ApplicableHeaderTradeSettlement></rsm:SupplyChainTradeTransaction></rsm:CrossIndustryInvoice>"
FX-200914,Factur-X / ZUGFeRD,"<rsm:CrossIndustryInvoice xmlns:rsm=""urn:un:unece:uncefact:data:standard:CrossIndustryInvoice:100""><rsm:ExchangedDocument><ram:ID>FX-200914</ram:ID><ram:TypeCode>380</ram:TypeCode><ram:IssueDateTime><udt:DateTimeString format=""102"">20260101</udt:DateTimeString></ram:IssueDateTime></rsm:ExchangedDocument><rsm:SupplyChainTradeTransaction><ram:ApplicableHeaderTradeSettlement><ram:InvoiceCurrencyCode>EUR</ram:InvoiceCurrencyCode><ram:SpecifiedTradeSettlementHeaderMonetarySummation><ram:GrandTotalAmount>100.00</ram:GrandTotalAmount></ram:SpecifiedTradeSettlementHeaderMonetarySummation></ram:ApplicableHeaderTradeSettlement></rsm:SupplyChainTradeTransaction></rsm:CrossIndustryInvoice>"
FX-693396,Factur-X / ZUGFeRD,"<rsm:CrossIndustryInvoice xmlns:rsm=""urn:un:unece:uncefact:data:standard:CrossIndustryInvoice:100""><rsm:ExchangedDocument><ram:ID>FX-693396</ram:ID><ram:TypeCode>380</ram:TypeCode><ram:IssueDateTime><udt:DateTimeString format=""102"">20260101</udt:DateTimeString></ram:IssueDateTime></rsm:ExchangedDocument><rsm:SupplyChainTradeTransaction><ram:ApplicableHeaderTradeSettlement><ram:InvoiceCurrencyCode>EUR</ram:InvoiceCurrencyCode><ram:SpecifiedTradeSettlementHeaderMonetarySummation><ram:GrandTotalAmount>100.00</ram:GrandTotalAmount></ram:SpecifiedTradeSettlementHeaderMonetarySummation></ram:ApplicableHeaderTradeSettlement></rsm:SupplyChainTradeTransaction></rsm:CrossIndustryInvoice>"
FX-391870,Factur-X / ZUGFeRD,"<rsm:CrossIndustryInvoice xmlns:rsm=""urn:un:unece:uncefact:data:standard:CrossIndustryInvoice:100""><rsm:ExchangedDocument><ram:ID>FX-391870</ram:ID><ram:TypeCode>380</ram:TypeCode><ram:IssueDateTime><udt:DateTimeString format=""102"">20260101</udt:DateTimeString></ram:IssueDateTime></rsm:ExchangedDocument><rsm:SupplyChainTradeTransaction><ram:ApplicableHeaderTradeSettlement><ram:InvoiceCurrencyCode>EUR</ram:InvoiceCurrencyCode><ram:SpecifiedTradeSettlementHeaderMonetarySummation><ram:GrandTotalAmount>100.00</ram:GrandTotalAmount></ram:SpecifiedTradeSettlementHeaderMonetarySummation></ram:ApplicableHeaderTradeSettlement></rsm:SupplyChainTradeTransaction></rsm:CrossIndustryInvoice>"
FX-016656,Factur-X / ZUGFeRD,"<rsm:CrossIndustryInvoice xmlns:rsm=""urn:un:unece:uncefact:data:standard:CrossIndustryInvoice:100""><rsm:ExchangedDocument><ram:ID>FX-016656</ram:ID><ram:TypeCode>380</ram:TypeCode><ram:IssueDateTime><udt:DateTimeString format=""102"">20260101</udt:DateTimeString></ram:IssueDateTime></rsm:ExchangedDocument><rsm:SupplyChainTradeTransaction><ram:ApplicableHeaderTradeSettlement><ram:InvoiceCurrencyCode>EUR</ram:InvoiceCurrencyCode><ram:SpecifiedTradeSettlementHeaderMonetarySummation><ram:GrandTotalAmount>100.00</ram:GrandTotalAmount></ram:SpecifiedTradeSettlementHeaderMonetarySummation></ram:ApplicableHeaderTradeSettlement></rsm:SupplyChainTradeTransaction></rsm:CrossIndustryInvoice>"
FX-591536,Factur-X / ZUGFeRD,"<rsm:CrossIndustryInvoice xmlns:rsm=""urn:un:unece:uncefact:data:standard:CrossIndustryInvoice:100""><rsm:ExchangedDocument><ram:ID>FX-591536</ram:ID><ram:TypeCode>380</ram:TypeCode><ram:IssueDateTime><udt:DateTimeString format=""102"">20260101</udt:DateTimeString></ram:IssueDateTime></rsm:ExchangedDocument><rsm:SupplyChainTradeTransaction><ram:ApplicableHeaderTradeSettlement><ram:InvoiceCurrencyCode>EUR</ram:InvoiceCurrencyCode><ram:SpecifiedTradeSettlementHeaderMonetarySummation><ram:GrandTotalAmount>100.00</ram:GrandTotalAmount></ram:SpecifiedTradeSettlementHeaderMonetarySummation></ram:ApplicableHeaderTradeSettlement></rsm:SupplyChainTradeTransaction></rsm:CrossIndustryInvoice>"
FX-076415,Factur-X / ZUGFeRD,"<rsm:CrossIndustryInvoice xmlns:rsm=""urn:un:unece:uncefact:data:standard:CrossIndustryInvoice:100""><rsm:ExchangedDocument><ram:ID>FX-076415</ram:ID><ram:TypeCode>380</ram:TypeCode><ram:IssueDateTime><udt:DateTimeString format=""102"">20260101</udt:DateTimeString></ram:IssueDateTime></rsm:ExchangedDocument><rsm:SupplyChainTradeTransaction><ram:ApplicableHeaderTradeSettlement><ram:InvoiceCurrencyCode>EUR</ram:InvoiceCurrencyCode><ram:SpecifiedTradeSettlementHeaderMonetarySummation><ram:GrandTotalAmount>100.00</ram:GrandTotalAmount></ram:SpecifiedTradeSettlementHeaderMonetarySummation></ram:ApplicableHeaderTradeSettlement></rsm:SupplyChainTradeTransaction></rsm:CrossIndustryInvoice>"
FX-967897,Factur-X / ZUGFeRD,"<rsm:CrossIndustryInvoice xmlns:rsm=""urn:un:unece:uncefact:data:standard:CrossIndustryInvoice:100""><rsm:ExchangedDocument><ram:ID>FX-967897</ram:ID><ram:TypeCode>380</ram:TypeCode><ram:IssueDateTime><udt:DateTimeString format=""102"">20260101</udt:DateTimeString></ram:IssueDateTime></rsm:ExchangedDocument><rsm:SupplyChainTradeTransaction><ram:ApplicableHeaderTradeSettlement><ram:InvoiceCurrencyCode>EUR</ram:InvoiceCurrencyCode><ram:SpecifiedTradeSettlementHeaderMonetarySummation><ram:GrandTotalAmount>100.00</ram:GrandTotalAmount></ram:SpecifiedTradeSettlementHeaderMonetarySummation></ram:ApplicableHeaderTradeSettlement></rsm:SupplyChainTradeTransaction></rsm:CrossIndustryInvoice>"
FX-781879,Factur-X / ZUGFeRD,"<rsm:CrossIndustryInvoice xmlns:rsm=""urn:un:unece:uncefact:data:standard:CrossIndustryInvoice:100""><rsm:ExchangedDocument><ram:ID>FX-781879</ram:ID><ram:TypeCode>380</ram:TypeCode><ram:IssueDateTime><udt:DateTimeString format=""102"">20260101</udt:DateTimeString></ram:IssueDateTime></rsm:ExchangedDocument><rsm:SupplyChainTradeTransaction><ram:ApplicableHeaderTradeSettlement><ram:InvoiceCurrencyCode>EUR</ram:InvoiceCurrencyCode><ram:SpecifiedTradeSettlementHeaderMonetarySummation><ram:GrandTotalAmount>100.00</ram:GrandTotalAmount></ram:SpecifiedTradeSettlementHeaderMonetarySummation></ram:ApplicableHeaderTradeSettlement></rsm:SupplyChainTradeTransaction></rsm:CrossIndustryInvoice>"
FX-767848,Factur-X / ZUGFeRD,"<rsm:CrossIndustryInvoice xmlns:rsm=""urn:un:unece:uncefact:data:standard:CrossIndustryInvoice:100""><rsm:ExchangedDocument><ram:ID>FX-767848</ram:ID><ram:TypeCode>380</ram:TypeCode><ram:IssueDateTime><udt:DateTimeString format=""102"">20260101</udt:DateTimeString></ram:IssueDateTime></rsm:ExchangedDocument><rsm:SupplyChainTradeTransaction><ram:ApplicableHeaderTradeSettlement><ram:InvoiceCurrencyCode>EUR</ram:InvoiceCurrencyCode><ram:SpecifiedTradeSettlementHeaderMonetarySummation><ram:GrandTotalAmount>100.00</ram:GrandTotalAmount></ram:SpecifiedTradeSettlementHeaderMonetarySummation></ram:ApplicableHeaderTradeSettlement></rsm:SupplyChainTradeTransaction></rsm:CrossIndustryInvoice>"
FX-665115,Factur-X / ZUGFeRD,"<rsm:CrossIndustryInvoice xmlns:rsm=""urn:un:unece:uncefact:data:standard:CrossIndustryInvoice:100""><rsm:ExchangedDocument><ram:ID>FX-665115</ram:ID><ram:TypeCode>380</ram:TypeCode><ram:IssueDateTime><udt:DateTimeString format=""102"">20260101</udt:DateTimeString></ram:IssueDateTime></rsm:ExchangedDocument><rsm:SupplyChainTradeTransaction><ram:ApplicableHeaderTradeSettlement><ram:InvoiceCurrencyCode>EUR</ram:InvoiceCurrencyCode><ram:SpecifiedTradeSettlementHeaderMonetarySummation><ram:GrandTotalAmount>100.00</ram:GrandTotalAmount></ram:SpecifiedTradeSettlementHeaderMonetarySummation></ram:ApplicableHeaderTradeSettlement></rsm:SupplyChainTradeTransaction></rsm:CrossIndustryInvoice>"
FX-330882,Factur-X / ZUGFeRD,"<rsm:CrossIndustryInvoice xmlns:rsm=""urn:un:unece:uncefact:data:standard:CrossIndustryInvoice:100""><rsm:ExchangedDocument><ram:ID>FX-330882</ram:ID><ram:TypeCode>380</ram:TypeCode><ram:IssueDateTime><udt:DateTimeString format=""102"">20260101</udt:DateTimeString></ram:IssueDateTime></rsm:ExchangedDocument><rsm:SupplyChainTradeTransaction><ram:ApplicableHeaderTradeSettlement><ram:InvoiceCurrencyCode>EUR</ram:InvoiceCurrencyCode><ram:SpecifiedTradeSettlementHeaderMonetarySummation><ram:GrandTotalAmount>100.00</ram:GrandTotalAmount></ram:SpecifiedTradeSettlementHeaderMonetarySummation></ram:ApplicableHeaderTradeSettlement></rsm:SupplyChainTradeTransaction></rsm:CrossIndustryInvoice>"
FX-868326,Factur-X / ZUGFeRD,"<rsm:CrossIndustryInvoice xmlns:rsm=""urn:un:unece:uncefact:data:standard:CrossIndustryInvoice:100""><rsm:ExchangedDocument><ram:ID>FX-868326</ram:ID><ram:TypeCode>380</ram:TypeCode><ram:IssueDateTime><udt:DateTimeString format=""102"">20260101</udt:DateTimeString></ram:IssueDateTime></rsm:ExchangedDocument><rsm:SupplyChainTradeTransaction><ram:ApplicableHeaderTradeSettlement><ram:InvoiceCurrencyCode>EUR</ram:InvoiceCurrencyCode><ram:SpecifiedTradeSettlementHeaderMonetarySummation><ram:GrandTotalAmount>100.00</ram:GrandTotalAmount></ram:SpecifiedTradeSettlementHeaderMonetarySummation></ram:ApplicableHeaderTradeSettlement></rsm:SupplyChainTradeTransaction></rsm:CrossIndustryInvoice>"
FX-604708,Factur-X / ZUGFeRD,"<rsm:CrossIndustryInvoice xmlns:rsm=""urn:un:unece:uncefact:data:standard:CrossIndustryInvoice:100""><rsm:ExchangedDocument><ram:ID>FX-604708</ram:ID><ram:TypeCode>380</ram:TypeCode><ram:IssueDateTime><udt:DateTimeString format=""102"">20260101</udt:DateTimeString></ram:IssueDateTime></rsm:ExchangedDocument><rsm:SupplyChainTradeTransaction><ram:ApplicableHeaderTradeSettlement><ram:InvoiceCurrencyCode>EUR</ram:InvoiceCurrencyCode><ram:SpecifiedTradeSettlementHeaderMonetarySummation><ram:GrandTotalAmount>100.00</ram:GrandTotalAmount></ram:SpecifiedTradeSettlementHeaderMonetarySummation></ram:ApplicableHeaderTradeSettlement></rsm:SupplyChainTradeTransaction></rsm:CrossIndustryInvoice>"
FX-317642,Factur-X / ZUGFeRD,"<rsm:CrossIndustryInvoice xmlns:rsm=""urn:un:unece:uncefact:data:standard:CrossIndustryInvoice:100""><rsm:ExchangedDocument><ram:ID>FX-317642</ram:ID><ram:TypeCode>380</ram:TypeCode><ram:IssueDateTime><udt:DateTimeString format=""102"">20260101</udt:DateTimeString></ram:IssueDateTime></rsm:ExchangedDocument><rsm:SupplyChainTradeTransaction><ram:ApplicableHeaderTradeSettlement><ram:InvoiceCurrencyCode>EUR</ram:InvoiceCurrencyCode><ram:SpecifiedTradeSettlementHeaderMonetarySummation><ram:GrandTotalAmount>100.00</ram:GrandTotalAmount></ram:SpecifiedTradeSettlementHeaderMonetarySummation></ram:ApplicableHeaderTradeSettlement></rsm:SupplyChainTradeTransaction></rsm:CrossIndustryInvoice>"
FX-290664,Factur-X / ZUGFeRD,"<rsm:CrossIndustryInvoice xmlns:rsm=""urn:un:unece:uncefact:data:standard:CrossIndustryInvoice:100""><rsm:ExchangedDocument><ram:ID>FX-290664</ram:ID><ram:TypeCode>380</ram:TypeCode><ram:IssueDateTime><udt:DateTimeString format=""102"">20260101</udt:DateTimeString></ram:IssueDateTime></rsm:ExchangedDocument><rsm:SupplyChainTradeTransaction><ram:ApplicableHeaderTradeSettlement><ram:InvoiceCurrencyCode>EUR</ram:InvoiceCurrencyCode><ram:SpecifiedTradeSettlementHeaderMonetarySummation><ram:GrandTotalAmount>100.00</ram:GrandTotalAmount></ram:SpecifiedTradeSettlementHeaderMonetarySummation></ram:ApplicableHeaderTradeSettlement></rsm:SupplyChainTradeTransaction></rsm:CrossIndustryInvoice>"
FX-196483,Factur-X / ZUGFeRD,"<rsm:CrossIndustryInvoice xmlns:rsm=""urn:un:unece:uncefact:data:standard:CrossIndustryInvoice:100""><rsm:ExchangedDocument><ram:ID>FX-196483</ram:ID><ram:TypeCode>380</ram:TypeCode><ram:IssueDateTime><udt:DateTimeString format=""102"">20260101</udt:DateTimeString></ram:IssueDateTime></rsm:ExchangedDocument><rsm:SupplyChainTradeTransaction><ram:ApplicableHeaderTradeSettlement><ram:InvoiceCurrencyCode>EUR</ram:InvoiceCurrencyCode><ram:SpecifiedTradeSettlementHeaderMonetarySummation><ram:GrandTotalAmount>100.00</ram:GrandTotalAmount></ram:SpecifiedTradeSettlementHeaderMonetarySummation></ram:ApplicableHeaderTradeSettlement></rsm:SupplyChainTradeTransaction></rsm:CrossIndustryInvoice>"
FX-765200,Factur-X / ZUGFeRD,"<rsm:CrossIndustryInvoice xmlns:rsm=""urn:un:unece:uncefact:data:standard:CrossIndustryInvoice:100""><rsm:ExchangedDocument><ram:ID>FX-765200</ram:ID><ram:TypeCode>380</ram:TypeCode><ram:IssueDateTime><udt:DateTimeString format=""102"">20260101</udt:DateTimeString></ram:IssueDateTime></rsm:ExchangedDocument><rsm:SupplyChainTradeTransaction><ram:ApplicableHeaderTradeSettlement><ram:InvoiceCurrencyCode>EUR</ram:InvoiceCurrencyCode><ram:SpecifiedTradeSettlementHeaderMonetarySummation><ram:GrandTotalAmount>100.00</ram:GrandTotalAmount></ram:SpecifiedTradeSettlementHeaderMonetarySummation></ram:ApplicableHeaderTradeSettlement></rsm:SupplyChainTradeTransaction></rsm:CrossIndustryInvoice>"
FX-972517,Factur-X / ZUGFeRD,"<rsm:CrossIndustryInvoice xmlns:rsm=""urn:un:unece:uncefact:data:standard:CrossIndustryInvoice:100""><rsm:ExchangedDocument><ram:ID>FX-972517</ram:ID><ram:TypeCode>380</ram:TypeCode><ram:IssueDateTime><udt:DateTimeString format=""102"">20260101</udt:DateTimeString></ram:IssueDateTime></rsm:ExchangedDocument><rsm:SupplyChainTradeTransaction><ram:ApplicableHeaderTradeSettlement><ram:InvoiceCurrencyCode>EUR</ram:InvoiceCurrencyCode><ram:SpecifiedTradeSettlementHeaderMonetarySummation><ram:GrandTotalAmount>100.00</ram:GrandTotalAmount></ram:SpecifiedTradeSettlementHeaderMonetarySummation></ram:ApplicableHeaderTradeSettlement></rsm:SupplyChainTradeTransaction></rsm:CrossIndustryInvoice>"
FX-289730,Factur-X / ZUGFeRD,"<rsm:CrossIndustryInvoice xmlns:rsm=""urn:un:unece:uncefact:data:standard:CrossIndustryInvoice:100""><rsm:ExchangedDocument><ram:ID>FX-289730</ram:ID><ram:TypeCode>380</ram:TypeCode><ram:IssueDateTime><udt:DateTimeString format=""102"">20260101</udt:DateTimeString></ram:IssueDateTime></rsm:ExchangedDocument><rsm:SupplyChainTradeTransaction><ram:ApplicableHeaderTradeSettlement><ram:InvoiceCurrencyCode>EUR</ram:InvoiceCurrencyCode><ram:SpecifiedTradeSettlementHeaderMonetarySummation><ram:GrandTotalAmount>100.00</ram:GrandTotalAmount></ram:SpecifiedTradeSettlementHeaderMonetarySummation></ram:ApplicableHeaderTradeSettlement></rsm:SupplyChainTradeTransaction></rsm:CrossIndustryInvoice>"
FX-173983,Factur-X / ZUGFeRD,"<rsm:CrossIndustryInvoice xmlns:rsm=""urn:un:unece:uncefact:data:standard:CrossIndustryInvoice:100""><rsm:ExchangedDocument><ram:ID>FX-173983</ram:ID><ram:TypeCode>380</ram:TypeCode><ram:IssueDateTime><udt:DateTimeString format=""102"">20260101</udt:DateTimeString></ram:IssueDateTime></rsm:ExchangedDocument><rsm:SupplyChainTradeTransaction><ram:ApplicableHeaderTradeSettlement><ram:InvoiceCurrencyCode>EUR</ram:InvoiceCurrencyCode><ram:SpecifiedTradeSettlementHeaderMonetarySummation><ram:GrandTotalAmount>100.00</ram:GrandTotalAmount></ram:SpecifiedTradeSettlementHeaderMonetarySummation></ram:ApplicableHeaderTradeSettlement></rsm:SupplyChainTradeTransaction></rsm:CrossIndustryInvoice>"
FX-951157,Factur-X / ZUGFeRD,"<rsm:CrossIndustryInvoice xmlns:rsm=""urn:un:unece:uncefact:data:standard:CrossIndustryInvoice:100""><rsm:ExchangedDocument><ram:ID>FX-951157</ram:ID><ram:TypeCode>380</ram:TypeCode><ram:IssueDateTime><udt:DateTimeString format=""102"">20260101</udt:DateTimeString></ram:IssueDateTime></rsm:ExchangedDocument><rsm:SupplyChainTradeTransaction><ram:ApplicableHeaderTradeSettlement><ram:InvoiceCurrencyCode>EUR</ram:InvoiceCurrencyCode><ram:SpecifiedTradeSettlementHeaderMonetarySummation><ram:GrandTotalAmount>100.00</ram:GrandTotalAmount></ram:SpecifiedTradeSettlementHeaderMonetarySummation></ram:ApplicableHeaderTradeSettlement></rsm:SupplyChainTradeTransaction></rsm:CrossIndustryInvoice>"
FX-568411,Factur-X / ZUGFeRD,"<rsm:CrossIndustryInvoice xmlns:rsm=""urn:un:unece:uncefact:data:standard:CrossIndustryInvoice:100""><rsm:ExchangedDocument><ram:ID>FX-568411</ram:ID><ram:TypeCode>380</ram:TypeCode><ram:IssueDateTime><udt:DateTimeString format=""102"">20260101</udt:DateTimeString></ram:IssueDateTime></rsm:ExchangedDocument><rsm:SupplyChainTradeTransaction><ram:ApplicableHeaderTradeSettlement><ram:InvoiceCurrencyCode>EUR</ram:InvoiceCurrencyCode><ram:SpecifiedTradeSettlementHeaderMonetarySummation><ram:GrandTotalAmount>100.00</ram:GrandTotalAmount></ram:SpecifiedTradeSettlementHeaderMonetarySummation></ram:ApplicableHeaderTradeSettlement></rsm:SupplyChainTradeTransaction></rsm:CrossIndustryInvoice>"
FX-429778,Factur-X / ZUGFeRD,"<rsm:CrossIndustryInvoice xmlns:rsm=""urn:un:unece:uncefact:data:standard:CrossIndustryInvoice:100""><rsm:ExchangedDocument><ram:ID>FX-429778</ram:ID><ram:TypeCode>380</ram:TypeCode><ram:IssueDateTime><udt:DateTimeString format=""102"">20260101</udt:DateTimeString></ram:IssueDateTime></rsm:ExchangedDocument><rsm:SupplyChainTradeTransaction><ram:ApplicableHeaderTradeSettlement><ram:InvoiceCurrencyCode>EUR</ram:InvoiceCurrencyCode><ram:SpecifiedTradeSettlementHeaderMonetarySummation><ram:GrandTotalAmount>100.00</ram:GrandTotalAmount></ram:SpecifiedTradeSettlementHeaderMonetarySummation></ram:ApplicableHeaderTradeSettlement></rsm:SupplyChainTradeTransaction></rsm:CrossIndustryInvoice>"
FX-442660,Factur-X / ZUGFeRD,"<rsm:CrossIndustryInvoice xmlns:rsm=""urn:un:unece:uncefact:data:standard:CrossIndustryInvoice:100""><rsm:ExchangedDocument><ram:ID>FX-442660</ram:ID><ram:TypeCode>380</ram:TypeCode><ram:IssueDateTime><udt:DateTimeString format=""102"">20260101</udt:DateTimeString></ram:IssueDateTime></rsm:ExchangedDocument><rsm:SupplyChainTradeTransaction><ram:ApplicableHeaderTradeSettlement><ram:InvoiceCurrencyCode>EUR</ram:InvoiceCurrencyCode><ram:SpecifiedTradeSettlementHeaderMonetarySummation><ram:GrandTotalAmount>100.00</ram:GrandTotalAmount></ram:SpecifiedTradeSettlementHeaderMonetarySummation></ram:ApplicableHeaderTradeSettlement></rsm:SupplyChainTradeTransaction></rsm:CrossIndustryInvoice>"
FX-734402,Factur-X / ZUGFeRD,"<rsm:CrossIndustryInvoice xmlns:rsm=""urn:un:unece:uncefact:data:standard:CrossIndustryInvoice:100""><rsm:ExchangedDocument><ram:ID>FX-734402</ram:ID><ram:TypeCode>380</ram:TypeCode><ram:IssueDateTime><udt:DateTimeString format=""102"">20260101</udt:DateTimeString></ram:IssueDateTime></rsm:ExchangedDocument><rsm:SupplyChainTradeTransaction><ram:ApplicableHeaderTradeSettlement><ram:InvoiceCurrencyCode>EUR</ram:InvoiceCurrencyCode><ram:SpecifiedTradeSettlementHeaderMonetarySummation><ram:GrandTotalAmount>100.00</ram:GrandTotalAmount></ram:SpecifiedTradeSettlementHeaderMonetarySummation></ram:ApplicableHeaderTradeSettlement></rsm:SupplyChainTradeTransaction></rsm:CrossIndustryInvoice>"
FX-949066,Factur-X / ZUGFeRD,"<rsm:CrossIndustryInvoice xmlns:rsm=""urn:un:unece:uncefact:data:standard:CrossIndustryInvoice:100""><rsm:ExchangedDocument><ram:ID>FX-949066</ram:ID><ram:TypeCode>380</ram:TypeCode><ram:IssueDateTime><udt:DateTimeString format=""102"">20260101</udt:DateTimeString></ram:IssueDateTime></rsm:ExchangedDocument><rsm:SupplyChainTradeTransaction><ram:ApplicableHeaderTradeSettlement><ram:InvoiceCurrencyCode>EUR</ram:InvoiceCurrencyCode><ram:SpecifiedTradeSettlementHeaderMonetarySummation><ram:GrandTotalAmount>100.00</ram:GrandTotalAmount></ram:SpecifiedTradeSettlementHeaderMonetarySummation></ram:ApplicableHeaderTradeSettlement></rsm:SupplyChainTradeTransaction></rsm:CrossIndustryInvoice>"
FX-871410,Factur-X / ZUGFeRD,"<rsm:CrossIndustryInvoice xmlns:rsm=""urn:un:unece:uncefact:data:standard:CrossIndustryInvoice:100""><rsm:ExchangedDocument><ram:ID>FX-871410</ram:ID><ram:TypeCode>380</ram:TypeCode><ram:IssueDateTime><udt:DateTimeString format=""102"">20260101</udt:DateTimeString></ram:IssueDateTime></rsm:ExchangedDocument><rsm:SupplyChainTradeTransaction><ram:ApplicableHeaderTradeSettlement><ram:InvoiceCurrencyCode>EUR</ram:InvoiceCurrencyCode><ram:SpecifiedTradeSettlementHeaderMonetarySummation><ram:GrandTotalAmount>100.00</ram:GrandTotalAmount></ram:SpecifiedTradeSettlementHeaderMonetarySummation></ram:ApplicableHeaderTradeSettlement></rsm:SupplyChainTradeTransaction></rsm:CrossIndustryInvoice>"
FX-946442,Factur-X / ZUGFeRD,"<rsm:CrossIndustryInvoice xmlns:rsm=""urn:un:unece:uncefact:data:standard:CrossIndustryInvoice:100""><rsm:ExchangedDocument><ram:ID>FX-946442</ram:ID><ram:TypeCode>380</ram:TypeCode><ram:IssueDateTime><udt:DateTimeString format=""102"">20260101</udt:DateTimeString></ram:IssueDateTime></rsm:ExchangedDocument><rsm:SupplyChainTradeTransaction><ram:ApplicableHeaderTradeSettlement><ram:InvoiceCurrencyCode>EUR</ram:InvoiceCurrencyCode><ram:SpecifiedTradeSettlementHeaderMonetarySummation><ram:GrandTotalAmount>100.00</ram:GrandTotalAmount></ram:SpecifiedTradeSettlementHeaderMonetarySummation></ram:ApplicableHeaderTradeSettlement></rsm:SupplyChainTradeTransaction></rsm:CrossIndustryInvoice>"
FX-579887,Factur-X / ZUGFeRD,"<rsm:CrossIndustryInvoice xmlns:rsm=""urn:un:unece:uncefact:data:standard:CrossIndustryInvoice:100""><rsm:ExchangedDocument><ram:ID>FX-579887</ram:ID><ram:TypeCode>380</ram:TypeCode><ram:IssueDateTime><udt:DateTimeString format=""102"">20260101</udt:DateTimeString></ram:IssueDateTime></rsm:ExchangedDocument><rsm:SupplyChainTradeTransaction><ram:ApplicableHeaderTradeSettlement><ram:InvoiceCurrencyCode>EUR</ram:InvoiceCurrencyCode><ram:SpecifiedTradeSettlementHeaderMonetarySummation><ram:GrandTotalAmount>100.00</ram:GrandTotalAmount></ram:SpecifiedTradeSettlementHeaderMonetarySummation></ram:ApplicableHeaderTradeSettlement></rsm:SupplyChainTradeTransaction></rsm:CrossIndustryInvoice>"
FX-821377,Factur-X / ZUGFeRD,"<rsm:CrossIndustryInvoice xmlns:rsm=""urn:un:unece:uncefact:data:standard:CrossIndustryInvoice:100""><rsm:ExchangedDocument><ram:ID>FX-821377</ram:ID><ram:TypeCode>380</ram:TypeCode><ram:IssueDateTime><udt:DateTimeString format=""102"">20260101</udt:DateTimeString></ram:IssueDateTime></rsm:ExchangedDocument><rsm:SupplyChainTradeTransaction><ram:ApplicableHeaderTradeSettlement><ram:InvoiceCurrencyCode>EUR</ram:InvoiceCurrencyCode><ram:SpecifiedTradeSettlementHeaderMonetarySummation><ram:GrandTotalAmount>100.00</ram:GrandTotalAmount></ram:SpecifiedTradeSettlementHeaderMonetarySummation></ram:ApplicableHeaderTradeSettlement></rsm:SupplyChainTradeTransaction></rsm:CrossIndustryInvoice>"
FX-627180,Factur-X / ZUGFeRD,"<rsm:CrossIndustryInvoice xmlns:rsm=""urn:un:unece:uncefact:data:standard:CrossIndustryInvoice:100""><rsm:ExchangedDocument><ram:ID>FX-627180</ram:ID><ram:TypeCode>380</ram:TypeCode><ram:IssueDateTime><udt:DateTimeString format=""102"">20260101</udt:DateTimeString></ram:IssueDateTime></rsm:ExchangedDocument><rsm:SupplyChainTradeTransaction><ram:ApplicableHeaderTradeSettlement><ram:InvoiceCurrencyCode>EUR</ram:InvoiceCurrencyCode><ram:SpecifiedTradeSettlementHeaderMonetarySummation><ram:GrandTotalAmount>100.00</ram:GrandTotalAmount></ram:SpecifiedTradeSettlementHeaderMonetarySummation></ram:ApplicableHeaderTradeSettlement></rsm:SupplyChainTradeTransaction></rsm:CrossIndustryInvoice>"
FX-698803,Factur-X / ZUGFeRD,"<rsm:CrossIndustryInvoice xmlns:rsm=""urn:un:unece:uncefact:data:standard:CrossIndustryInvoice:100""><rsm:ExchangedDocument><ram:ID>FX-698803</ram:ID><ram:TypeCode>380</ram:TypeCode><ram:IssueDateTime><udt:DateTimeString format=""102"">20260101</udt:DateTimeString></ram:IssueDateTime></rsm:ExchangedDocument><rsm:SupplyChainTradeTransaction><ram:ApplicableHeaderTradeSettlement><ram:InvoiceCurrencyCode>EUR</ram:InvoiceCurrencyCode><ram:SpecifiedTradeSettlementHeaderMonetarySummation><ram:GrandTotalAmount>100.00</ram:GrandTotalAmount></ram:SpecifiedTradeSettlementHeaderMonetarySummation></ram:ApplicableHeaderTradeSettlement></rsm:SupplyChainTradeTransaction></rsm:CrossIndustryInvoice>"
FX-897448,Factur-X / ZUGFeRD,"<rsm:CrossIndustryInvoice xmlns:rsm=""urn:un:unece:uncefact:data:standard:CrossIndustryInvoice:100""><rsm:ExchangedDocument><ram:ID>FX-897448</ram:ID><ram:TypeCode>380</ram:TypeCode><ram:IssueDateTime><udt:DateTimeString format=""102"">20260101</udt:DateTimeString></ram:IssueDateTime></rsm:ExchangedDocument><rsm:SupplyChainTradeTransaction><ram:ApplicableHeaderTradeSettlement><ram:InvoiceCurrencyCode>EUR</ram:InvoiceCurrencyCode><ram:SpecifiedTradeSettlementHeaderMonetarySummation><ram:GrandTotalAmount>100.00</ram:GrandTotalAmount></ram:SpecifiedTradeSettlementHeaderMonetarySummation></ram:ApplicableHeaderTradeSettlement></rsm:SupplyChainTradeTransaction></rsm:CrossIndustryInvoice>"
FX-525513,Factur-X / ZUGFeRD,"<rsm:CrossIndustryInvoice xmlns:rsm=""urn:un:unece:uncefact:data:standard:CrossIndustryInvoice:100""><rsm:ExchangedDocument><ram:ID>FX-525513</ram:ID><ram:TypeCode>380</ram:TypeCode><ram:IssueDateTime><udt:DateTimeString format=""102"">20260101</udt:DateTimeString></ram:IssueDateTime></rsm:ExchangedDocument><rsm:SupplyChainTradeTransaction><ram:ApplicableHeaderTradeSettlement><ram:InvoiceCurrencyCode>EUR</ram:InvoiceCurrencyCode><ram:SpecifiedTradeSettlementHeaderMonetarySummation><ram:GrandTotalAmount>100.00</ram:GrandTotalAmount></ram:SpecifiedTradeSettlementHeaderMonetarySummation></ram:ApplicableHeaderTradeSettlement></rsm:SupplyChainTradeTransaction></rsm:CrossIndustryInvoice>"
